Id,Predicted,0
0,2015875.352789092
1,2087852.303231512
2,3682047.6461987915
3,2053347.5609725541
4,11727414.894875553
5,1507032.0774030488
6,1478886.2532178115
7,3341166.045787404
8,1617527.5972362242
9,1135793.3994718143
10,2055849.991357163
11,2239640.385321181
12,2087852.303231512
13,1808110.596893596
14,1645129.6169506307
15,1804110.946615475
16,1929414.7780374982
17,1478886.2532178115
18,2093322.1995406258
19,1617527.5972362242
20,2167663.434878761
21,1573982.5086442449
22,1230889.6548982472
23,2113427.884179768
24,1163939.223657051
25,9314550.84002746
26,2197630.553542308
27,3602768.3290738226
28,2015875.352789092
29,2087852.303231512
30,1929414.7780374982
31,2091851.953509633
32,1135793.3994718143
33,1326562.3282250904
34,1163939.223657051
35,1812116.8800625317
36,7696827.941483443
37,1135793.3994718143
38,1135793.3994718143
39,2087852.303231512
40,2101178.337507858
41,1135793.3994718143
42,1135793.3994718143
43,1687937.3589039843
44,12410042.422828414
45,1669655.1819710876
46,3471369.738840072
47,1478886.2532178115
48,1901268.953852261
49,7187681.7674863115
50,2038034.0945273463
51,1987543.5995079502
52,1697801.0061563249
53,8089149.211429961
54,1901268.953852261
55,1478886.2532178115
56,1135793.3994718143
57,4193034.4497756464
58,1135793.3994718143
59,1987543.5995079502
60,1918426.8205216818
61,1812116.8800625317
62,1135793.3994718143
63,1369863.0122712182
64,2087852.303231512
65,1669655.1819710876
66,1135793.3994718143
67,12410042.422828414
68,2015875.352789092
69,6664911.405697688
70,2061983.2416473932
71,1775965.1224302382
72,2139517.6106935237
73,2015875.352789092
74,6264743.755486073
75,1804110.946615475
76,1630313.3116610132
77,1775965.1224302382
78,3321137.577577952
79,2139517.6106935237
80,1697801.0061563249
81,7212333.817961117
82,1135793.3994718143
83,11513851.290592104
84,6509097.114103375
85,2239640.385321181
86,1478886.2532178115
87,1697801.0061563249
88,2125324.5114149745
89,2015875.352789092
90,1135793.3994718143
91,11531129.016636275
92,1135793.3994718143
93,1369863.0122712182
94,1135793.3994718143
95,1135793.3994718143
96,1929529.0634604737
97,2015875.352789092
98,1298230.5749439485
99,8089149.211429961
100,2087852.303231512
101,1775965.1224302382
102,7313208.866626685
103,1135793.3994718143
104,1808110.596893596
105,2015875.352789092
106,3336803.078846552
107,1135793.3994718143
108,8073937.968314463
109,1135793.3994718143
110,2167663.434878761
111,1103795.8288061572
112,1617527.5972362242
113,2091851.953509633
114,2097178.687229737
115,1163939.223657051
116,1135793.3994718143
117,2059706.4790462747
118,1669655.1819710876
119,1478886.2532178115
120,2061983.2416473932
121,2087852.303231512
122,6509097.114103375
123,1987543.5995079502
124,2087852.303231512
125,3471369.738840072
126,2087852.303231512
127,2125324.5114149745
128,1298230.5749439485
129,1697801.0061563249
130,1135793.3994718143
131,2087852.303231512
132,2059706.4790462747
133,1996869.9835061752
134,1478886.2532178115
135,2167663.434878761
136,1103795.8288061572
137,2059706.4790462747
138,6720948.354603323
139,1808110.596893596
140,1901268.953852261
141,1135793.3994718143
142,5826225.027193201
143,1641323.4286899462
144,1987543.5995079502
145,9072547.064938253
146,2093322.1995406258
147,1478886.2532178115
148,1804110.946615475
149,8210997.67213084
150,6509097.114103375
151,1135793.3994718143
152,6724171.865097374
153,1669655.1819710876
154,1697801.0061563249
155,2222451.1251263614
156,7896769.692364278
157,1617527.5972362242
158,7328503.307639606
159,2061983.2416473932
160,2125324.5114149745
161,1135793.3994718143
162,1135793.3994718143
163,1163939.223657051
164,6509097.114103375
165,1135793.3994718143
166,1135793.3994718143
167,2167663.434878761
168,1274766.756844785
169,8825781.417556409
170,1135793.3994718143
171,1617527.5972362242
172,1131941.6529913945
173,1987543.5995079502
174,1962000.825736566
175,1135793.3994718143
176,1135793.3994718143
177,1103795.8288061572
178,7896769.692364278
179,1938741.1620357234
180,1163939.223657051
181,3471369.738840072
182,1163939.223657051
183,1901268.953852261
184,1135793.3994718143
185,1592841.1034775511
186,1592841.1034775511
187,1478886.2532178115
188,1987543.5995079502
189,1812116.8800625317
190,2015875.352789092
191,6291779.720898633
192,6453060.165197742
193,1135793.3994718143
194,1135793.3994718143
195,2097178.687229737
196,2015875.352789092
197,8782649.008249324
198,1987729.5286038548
199,1478886.2532178115
200,1135793.3994718143
201,1135793.3994718143
202,2087852.303231512
203,2087852.303231512
204,1550033.3615241975
205,10606420.27398258
206,1135793.3994718143
207,2087852.303231512
208,6620073.305937754
209,2087852.303231512
210,2125324.5114149745
211,2202168.1771377185
212,1901268.953852261
213,1812116.8800625317
214,2015875.352789092
215,1478886.2532178115
216,1163939.223657051
217,1135793.3994718143
218,1298230.5749439485
219,1135793.3994718143
220,1507032.0774030488
221,2087852.303231512
222,1901268.953852261
223,1987729.5286038548
224,2015875.352789092
225,2025015.8076914125
226,11370888.29510862
227,1592841.1034775511
228,8782649.008249324
229,1135793.3994718143
230,2169484.729357071
231,1135793.3994718143
232,11727414.894875553
233,2053347.5609725541
234,1135793.3994718143
235,1987543.5995079502
236,1440878.2021312972
237,2125324.5114149745
238,3068183.378884996
239,6653674.961942432
240,1163939.223657051
241,7505588.38569237
242,1901268.953852261
243,2015875.352789092
244,2125324.5114149745
245,1775965.1224302382
246,1326562.3282250904
247,1135793.3994718143
248,11531129.016636275
249,2015875.352789092
250,10930290.464854512
251,6762992.811921256
252,2097178.687229737
253,2087852.303231512
254,2087852.303231512
255,1298230.5749439485
256,1298230.5749439485
257,3602768.3290738226
258,1617527.5972362242
259,1901268.953852261
260,2985619.490971175
261,1808110.596893596
262,1929529.0634604737
263,1507032.0774030488
264,2033837.4174621564
265,2167663.434878761
266,1135793.3994718143
267,1507032.0774030488
268,2087852.303231512
269,1326376.3991291858
270,1135793.3994718143
271,2015875.352789092
272,11360843.903985169
273,1478886.2532178115
274,1507032.0774030488
275,2087852.303231512
276,2167663.434878761
277,2015875.352789092
278,1478886.2532178115
279,2211494.561135944
280,1641323.4286899462
281,6653001.916078577
282,1478886.2532178115
283,1868107.7081569638
284,1135793.3994718143
285,2087852.303231512
286,12140112.91634815
287,6608163.816318643
288,2015875.352789092
289,1163939.223657051
290,2055849.991357163
291,10930290.464854512
292,1135793.3994718143
293,8199088.182511729
294,1230889.6548982472
295,1775965.1224302382
296,1135793.3994718143
297,1796960.5998505778
298,7180616.799910408
299,2087852.303231512
300,2087852.303231512
301,2125324.5114149745
302,1796960.5998505778
303,1135793.3994718143
304,1697801.0061563249
305,2239640.385321181
306,2015875.352789092
307,1804110.946615475
308,2087852.303231512
309,1987543.5995079502
310,1547311.2558641196
311,1478886.2532178115
312,1757881.3293635393
313,2087852.303231512
314,1135793.3994718143
315,2015875.352789092
316,1478886.2532178115
317,1135793.3994718143
318,1507032.0774030488
319,6243929.593000247
320,2015875.352789092
321,2024511.0334639312
322,2087852.303231512
323,12410042.422828414
324,2087852.303231512
325,2139517.6106935237
326,1135793.3994718143
327,7920495.237409038
328,11378121.63002934
329,1135793.3994718143
330,2025201.7367873169
331,1478886.2532178115
332,1929529.0634604737
333,2599512.8782282644
334,1135793.3994718143
335,1478886.2532178115
336,1135793.3994718143
337,1135793.3994718143
338,1135793.3994718143
339,2025201.7367873169
340,12410042.422828414
341,1804110.946615475
342,6509097.114103375
343,1812116.8800625317
344,1478886.2532178115
345,9939629.515430603
346,1135793.3994718143
347,12140112.91634815
348,2239640.385321181
349,1592841.1034775511
350,1987543.5995079502
351,1135793.3994718143
352,2033837.4174621564
353,1135793.3994718143
354,1135793.3994718143
355,1274766.756844785
356,1478886.2532178115
357,7092657.93984097
358,3443223.914654835
359,1135793.3994718143
360,7113267.115745848
361,1135793.3994718143
362,2093322.1995406258
363,6509097.114103375
364,2239640.385321181
365,1478886.2532178115
366,2015875.352789092
367,1804110.946615475
368,6509097.114103375
369,1135793.3994718143
370,1987729.5286038548
371,1135793.3994718143
372,1135793.3994718143
373,1929529.0634604737
374,1987729.5286038548
375,7505588.38569237
376,1135793.3994718143
377,2167663.434878761
378,6453060.165197742
379,6664911.405697688
380,1135793.3994718143
381,1697801.0061563249
382,1135793.3994718143
383,3744352.40574248
384,1669655.1819710876
385,10893627.506507013
386,1326562.3282250904
387,6229432.320347471
388,1326562.3282250904
389,1135793.3994718143
390,1135793.3994718143
391,2015875.352789092
392,1135793.3994718143
393,2061983.2416473932
394,1929529.0634604737
395,2599512.8782282644
396,2239640.385321181
397,8551427.523739103
398,1641323.4286899462
399,1901268.953852261
400,1135793.3994718143
401,1135793.3994718143
402,1135793.3994718143
403,1796960.5998505778
404,1135793.3994718143
405,8089149.211429961
406,1135793.3994718143
407,2167663.434878761
408,1573982.5086442449
409,1354708.1524103272
410,1478886.2532178115
411,1274766.756844785
412,1163939.223657051
413,2087852.303231512
414,1259035.4790834845
415,1697801.0061563249
416,1796960.5998505778
417,1687937.3589039843
418,2063706.1293243957
419,1901268.953852261
420,1645673.4214214613
421,2015875.352789092
422,2015875.352789092
423,2015875.352789092
424,1523811.716564135
425,2091851.953509633
426,7212333.817961117
427,1478886.2532178115
428,1812116.8800625317
429,1775965.1224302382
430,1135793.3994718143
431,11826481.597090822
432,8199088.182511729
433,1135793.3994718143
434,1987543.5995079502
435,1478886.2532178115
436,1892056.8552770112
437,1573982.5086442449
438,1478886.2532178115
439,1478886.2532178115
440,1326376.3991291858
441,8825781.417556409
442,2059706.4790462747
443,1230889.6548982472
444,2087852.303231512
445,2015875.352789092
446,2087852.303231512
447,1135793.3994718143
448,7092657.93984097
449,6307764.390970305
450,1579851.559504268
451,2015875.352789092
452,7187681.7674863115
453,1135793.3994718143
454,1478886.2532178115
455,2015875.352789092
456,1862578.6322192778
457,1602128.3328294822
458,1135793.3994718143
459,1135793.3994718143
460,1987729.5286038548
461,1135793.3994718143
462,1135793.3994718143
463,1478886.2532178115
464,1135793.3994718143
465,1796960.5998505778
466,1135793.3994718143
467,1697801.0061563249
468,2599512.8782282644
469,2087852.303231512
470,6795360.497539793
471,1135793.3994718143
472,1135793.3994718143
473,1369863.0122712182
474,1573982.5086442449
475,2087852.303231512
476,1478886.2532178115
477,2015875.352789092
478,1834432.8080340405
479,1783971.0558772949
480,1386718.511234989
481,1163939.223657051
482,7248472.231435282
483,1135793.3994718143
484,2087852.303231512
485,1135793.3994718143
486,11531129.016636275
487,7313208.866626685
488,7505588.38569237
489,2712636.8240687666
490,1987729.5286038548
491,1901268.953852261
492,1135793.3994718143
493,1901268.953852261
494,1230889.6548982472
495,1102967.2624506378
496,1135793.3994718143
497,1326562.3282250904
498,10523190.341168199
499,2130191.226695298
500,3272302.8752580234
501,8825781.417556409
502,2087852.303231512
503,1326562.3282250904
504,1135793.3994718143
505,1478886.2532178115
506,1737775.6447243965
507,1135793.3994718143
508,1987543.5995079502
509,1918426.8205216818
510,1987543.5995079502
511,2015875.352789092
512,1478886.2532178115
513,3272302.8752580234
514,6187485.609311828
515,1135793.3994718143
516,1135793.3994718143
517,1796960.5998505778
518,12410042.422828414
519,1959397.775322713
520,2061983.2416473932
521,1135793.3994718143
522,1163939.223657051
523,1808110.596893596
524,7313208.866626685
525,2059706.4790462747
526,2087852.303231512
527,1987729.5286038548
528,1135793.3994718143
529,1573982.5086442449
530,1163939.223657051
531,1573982.5086442449
532,6625105.162882106
533,1478886.2532178115
534,1135793.3994718143
535,1478886.2532178115
536,1135793.3994718143
537,1478886.2532178115
538,1804110.946615475
539,1369863.0122712182
540,8298154.884726998
541,2015875.352789092
542,8782649.008249324
543,1135793.3994718143
544,1804110.946615475
545,2125324.5114149745
546,1901268.953852261
547,1918426.8205216818
548,3769330.1601679474
549,1326562.3282250904
550,1163939.223657051
551,2514132.2761851875
552,1804110.946615475
553,1230889.6548982472
554,2239640.385321181
555,1135793.3994718143
556,1987729.5286038548
557,1135793.3994718143
558,1478886.2532178115
559,2087852.303231512
560,1230889.6548982472
561,1507032.0774030488
562,2087852.303231512
563,1135793.3994718143
564,3272302.8752580234
565,1135793.3994718143
566,3364948.9030317888
567,2239640.385321181
568,1901268.953852261
569,2015875.352789092
570,1274766.756844785
571,1230889.6548982472
572,1135793.3994718143
573,1712623.8526626576
574,2091851.953509633
575,6620073.305937754
576,2087852.303231512
577,1697801.0061563249
578,1812116.8800625317
579,5921321.282619634
580,1135793.3994718143
581,1135793.3994718143
582,1987729.5286038548
583,1135793.3994718143
584,9579198.528957479
585,1901268.953852261
586,3682047.6461987915
587,3682047.6461987915
588,1825106.424035815
589,1298230.5749439485
590,2712636.8240687666
591,1103795.8288061572
592,1478886.2532178115
593,1135793.3994718143
594,1163939.223657051
595,2015875.352789092
596,6620073.305937754
597,2015875.352789092
598,1507032.0774030488
599,3602768.3290738226
600,1987543.5995079502
601,1987729.5286038548
602,1478886.2532178115
603,2202168.1771377185
604,3364948.9030317888
605,1135793.3994718143
606,1135793.3994718143
607,1478886.2532178115
608,1901268.953852261
609,2132012.5211736085
610,1135793.3994718143
611,2130191.226695298
612,2239640.385321181
613,2053347.5609725541
614,1796960.5998505778
615,1326562.3282250904
616,2097178.687229737
617,2015875.352789092
618,6664911.405697688
619,1465535.6855980612
620,7212333.817961117
621,1697801.0061563249
622,3471369.738840072
623,1697801.0061563249
624,2174022.3529524812
625,1523811.716564135
626,1135793.3994718143
627,1135793.3994718143
628,11826481.597090822
629,2033837.4174621564
630,1901268.953852261
631,12410042.422828414
632,1135793.3994718143
633,2087852.303231512
634,6509097.114103375
635,1135793.3994718143
636,3364948.9030317888
637,7538919.894179158
638,12410042.422828414
639,1987543.5995079502
640,2053347.5609725541
641,6582527.853636047
642,1987543.5995079502
643,1163939.223657051
644,1135793.3994718143
645,1163939.223657051
646,1987729.5286038548
647,1135793.3994718143
648,1740769.6768478944
649,6509097.114103375
650,2097178.687229737
651,1163939.223657051
652,2239640.385321181
653,2087852.303231512
654,1996365.209278694
655,1966886.9862209603
656,2065176.3753553885
657,1918426.8205216818
658,4061635.859541896
659,1135793.3994718143
660,6620073.305937754
661,1135793.3994718143
662,1135793.3994718143
663,1987729.5286038548
664,7092657.93984097
665,1135793.3994718143
666,1326562.3282250904
667,1645673.4214214613
668,2015875.352789092
669,1163939.223657051
670,1135793.3994718143
671,2087852.303231512
672,1592841.1034775511
673,1478886.2532178115
674,1135793.3994718143
675,2063706.1293243957
676,1617527.5972362242
677,10965423.608556742
678,2015875.352789092
679,2087852.303231512
680,2015875.352789092
681,1669469.2528751835
682,1825106.424035815
683,7449418.790312482
684,2015875.352789092
685,1987729.5286038548
686,7786792.0590669755
687,1326562.3282250904
688,1987729.5286038548
689,1602128.3328294822
690,1135793.3994718143
691,2239640.385321181
692,1987729.5286038548
693,1135793.3994718143
694,5941151.163439598
695,1135793.3994718143
696,9314550.84002746
697,1103795.8288061572
698,1901268.953852261
699,1592841.1034775511
700,1796960.5998505778
701,2239640.385321181
702,3637931.569934197
703,1135793.3994718143
704,1326562.3282250904
705,6521006.603722486
706,1966886.9862209603
707,2059706.4790462747
708,1135793.3994718143
709,1478886.2532178115
710,2059706.4790462747
711,1135793.3994718143
712,1592841.1034775511
713,7104567.429460081
714,1478886.2532178115
715,1135793.3994718143
716,1804110.946615475
717,6955359.068441564
718,1592841.1034775511
719,3471369.738840072
720,1135793.3994718143
721,2097178.687229737
722,1135793.3994718143
723,1804110.946615475
724,1697801.0061563249
725,1478886.2532178115
726,1369863.0122712182
727,2087852.303231512
728,1478886.2532178115
729,2091851.953509633
730,1478886.2532178115
731,1892056.8552770112
732,1274766.756844785
733,1687937.3589039843
734,1135793.3994718143
735,8825781.417556409
736,9489520.385359578
737,1996869.9835061752
738,1987543.5995079502
739,2197630.553542308
740,2087852.303231512
741,1804110.946615475
742,1135793.3994718143
743,1135793.3994718143
744,9028969.211706674
745,2087852.303231512
746,1929414.7780374982
747,1274766.756844785
748,1298230.5749439485
749,10930290.464854512
750,1135793.3994718143
751,1669655.1819710876
752,1901268.953852261
753,1163939.223657051
754,1929529.0634604737
755,2239640.385321181
756,1135793.3994718143
757,2015875.352789092
758,1876416.988742809
759,2211494.561135944
760,1298230.5749439485
761,2211494.561135944
762,11921273.000357363
763,2015875.352789092
764,1987729.5286038548
765,7338978.143298322
766,1135793.3994718143
767,1135793.3994718143
768,2167663.434878761
769,3602768.3290738226
770,1478886.2532178115
771,6521006.603722486
772,1645673.4214214613
773,1135793.3994718143
774,7212333.817961117
775,7505588.38569237
776,1135793.3994718143
777,12140112.91634815
778,1206940.5077781999
779,1135793.3994718143
780,1929529.0634604737
781,1478886.2532178115
782,6154492.440676237
783,1901268.953852261
784,3637931.569934197
785,2015875.352789092
786,1274766.756844785
787,1135793.3994718143
788,1507032.0774030488
789,6130365.618132203
790,7505588.38569237
791,1929414.7780374982
792,1163939.223657051
793,7092657.93984097
794,7538919.894179158
795,1901268.953852261
796,1326562.3282250904
797,1478886.2532178115
798,2239640.385321181
799,1135793.3994718143
800,1326562.3282250904
801,2202168.1771377185
802,12410042.422828414
803,8210997.67213084
804,2222451.1251263614
805,3955030.3131011976
806,6307764.390970305
807,1740769.6768478944
808,7203634.131675348
809,1987729.5286038548
810,2087852.303231512
811,1775965.1224302382
812,1630313.3116610132
813,2015875.352789092
814,1987729.5286038548
815,1478886.2532178115
816,3321137.577577952
817,2015875.352789092
818,11826481.597090822
819,2202168.1771377185
820,1987543.5995079502
821,11508574.978884764
822,2087852.303231512
823,7313208.866626685
824,1669655.1819710876
825,1369863.0122712182
826,1876416.988742809
827,1298230.5749439485
828,11826481.597090822
829,1135793.3994718143
830,1478886.2532178115
831,1135793.3994718143
832,1135793.3994718143
833,11378121.63002934
834,1918426.8205216818
835,1551957.5407493722
836,4912454.674393359
837,1135793.3994718143
838,1478886.2532178115
839,1825106.424035815
840,1135793.3994718143
841,1804110.946615475
842,2015875.352789092
843,7187681.7674863115
844,3262578.070370464
845,2202168.1771377185
846,2061983.2416473932
847,2202168.1771377185
848,2113427.884179768
849,3068183.378884996
850,2087852.303231512
851,2087852.303231512
852,1135793.3994718143
853,2627658.7024135017
854,1669655.1819710876
855,1135793.3994718143
856,1235086.3319634371
857,2015875.352789092
858,2239640.385321181
859,6755417.317560728
860,1274766.756844785
861,1206940.5077781999
862,2712636.8240687666
863,6521006.603722486
864,1987543.5995079502
865,1804110.946615475
866,1579851.559504268
867,3682047.6461987915
868,12140112.91634815
869,8902324.88636947
870,1796960.5998505778
871,1135793.3994718143
872,1796960.5998505778
873,2091851.953509633
874,1478886.2532178115
875,1135793.3994718143
876,1326376.3991291858
877,1987543.5995079502
878,1387547.0775905089
879,2087852.303231512
880,2093322.1995406258
881,1478886.2532178115
882,1808110.596893596
883,1135793.3994718143
884,1996869.9835061752
885,1131941.6529913945
886,1135793.3994718143
887,1812116.8800625317
888,1135793.3994718143
889,1387547.0775905089
890,1135793.3994718143
891,1135793.3994718143
892,2091851.953509633
893,1135793.3994718143
894,2087852.303231512
895,6509097.114103375
896,1163939.223657051
897,1478886.2532178115
898,1697801.0061563249
899,1697801.0061563249
900,1369863.0122712182
901,1804110.946615475
902,1163939.223657051
903,1387547.0775905089
904,3272302.8752580234
905,3336803.078846552
906,1987729.5286038548
907,1573982.5086442449
908,3471369.738840072
909,2015875.352789092
910,8199088.182511729
911,2087852.303231512
912,2024511.0334639312
913,7305646.634811533
914,1163939.223657051
915,1135793.3994718143
916,1478886.2532178115
917,1478886.2532178115
918,7313208.866626685
919,1274766.756844785
920,6967268.558060674
921,1135793.3994718143
922,2087852.303231512
923,1987729.5286038548
924,2053347.5609725541
925,1507032.0774030488
926,1478886.2532178115
927,1641323.4286899462
928,3496347.4932655394
929,1135793.3994718143
930,1369863.0122712182
931,1987729.5286038548
932,1478886.2532178115
933,2087852.303231512
934,1274766.756844785
935,1697801.0061563249
936,11556552.090610556
937,2087852.303231512
938,1592841.1034775511
939,2053347.5609725541
940,3545285.5421604305
941,1135793.3994718143
942,1617527.5972362242
943,1326562.3282250904
944,1987729.5286038548
945,2091851.953509633
946,1987729.5286038548
947,2202168.1771377185
948,1929414.7780374982
949,1901268.953852261
950,1987543.5995079502
951,1103795.8288061572
952,1987543.5995079502
953,4066814.8922277554
954,1163939.223657051
955,1135793.3994718143
956,7338978.143298322
957,7412275.568841952
958,2015875.352789092
959,2025015.8076914125
960,1478886.2532178115
961,2015875.352789092
962,1507032.0774030488
963,1697801.0061563249
964,2139517.6106935237
965,1135793.3994718143
966,1478886.2532178115
967,1103795.8288061572
968,1103795.8288061572
969,1796960.5998505778
970,1326562.3282250904
971,2222451.1251263614
972,1804110.946615475
973,1573982.5086442449
974,10523190.341168199
975,1163939.223657051
976,2015875.352789092
977,1135793.3994718143
978,1135793.3994718143
979,2015875.352789092
980,8267296.8030079175
981,1135793.3994718143
982,1478886.2532178115
983,3573431.3663456677
984,1135793.3994718143
985,2015875.352789092
986,10777283.078247575
987,2093322.1995406258
988,1135793.3994718143
989,2061983.2416473932
990,2125324.5114149745
991,2087852.303231512
992,1573982.5086442449
993,8782649.008249324
994,2065176.3753553885
995,9028969.211706674
996,8825781.417556409
997,12410042.422828414
998,6453060.165197742
999,1206940.5077781999
1000,2015875.352789092
1001,2087852.303231512
1002,6621225.853559228
1003,1592841.1034775511
1004,1478886.2532178115
1005,2239640.385321181
1006,1478886.2532178115
1007,1505510.3241661326
1008,2239640.385321181
1009,10606420.27398258
1010,2015875.352789092
1011,1135793.3994718143
1012,3471369.738840072
1013,2061983.2416473932
1014,1573982.5086442449
1015,1712623.8526626576
1016,2087852.303231512
1017,1135793.3994718143
1018,1478886.2532178115
1019,2015875.352789092
1020,1987729.5286038548
1021,2087852.303231512
1022,2087852.303231512
1023,2087852.303231512
1024,1135793.3994718143
1025,1987729.5286038548
1026,11337712.174619768
1027,1135793.3994718143
1028,1135793.3994718143
1029,2053347.5609725541
1030,2091851.953509633
1031,1804110.946615475
1032,1135793.3994718143
1033,1918426.8205216818
1034,1478886.2532178115
1035,6447832.929895943
1036,12410042.422828414
1037,1868107.7081569638
1038,1163939.223657051
1039,7683735.977270325
1040,2015875.352789092
1041,6506345.9724565195
1042,1369863.0122712182
1043,3471369.738840072
1044,2239640.385321181
1045,1135793.3994718143
1046,1645673.4214214613
1047,1135793.3994718143
1048,1579851.559504268
1049,1326562.3282250904
1050,1432872.26868424
1051,1163939.223657051
1052,1103795.8288061572
1053,1804110.946615475
1054,1901268.953852261
1055,2015875.352789092
1056,1804110.946615475
1057,1298230.5749439485
1058,2087852.303231512
1059,11826481.597090822
1060,9939629.515430603
1061,1135793.3994718143
1062,12410042.422828414
1063,1135793.3994718143
1064,6509097.114103375
1065,2087852.303231512
1066,1135793.3994718143
1067,2015875.352789092
1068,1918426.8205216818
1069,2087852.303231512
1070,2015875.352789092
1071,1478886.2532178115
1072,9485885.712107062
1073,1135793.3994718143
1074,1507032.0774030488
1075,3364948.9030317888
1076,2167663.434878761
1077,2061983.2416473932
1078,10930290.464854512
1079,2015875.352789092
1080,9898111.665765053
1081,10705486.976197848
1082,1573982.5086442449
1083,1712623.8526626576
1084,8745869.264788212
1085,1135793.3994718143
1086,1135793.3994718143
1087,2053347.5609725541
1088,1135793.3994718143
1089,1135793.3994718143
1090,3471369.738840072
1091,1478886.2532178115
1092,7505588.38569237
1093,6509097.114103375
1094,8623223.62578883
1095,12410042.422828414
1096,1775965.1224302382
1097,1354708.1524103272
1098,1135793.3994718143
1099,6608163.816318643
1100,1163939.223657051
1101,1135793.3994718143
1102,1369863.0122712182
1103,7305646.634811533
1104,1135793.3994718143
1105,7505588.38569237
1106,2015875.352789092
1107,1478886.2532178115
1108,1783971.0558772949
1109,1901268.953852261
1110,1135793.3994718143
1111,3744352.40574248
1112,10606420.27398258
1113,1641323.4286899462
1114,1697801.0061563249
1115,1135793.3994718143
1116,1804110.946615475
1117,1135793.3994718143
1118,2239640.385321181
1119,1326562.3282250904
1120,2063706.1293243957
1121,6509097.114103375
1122,5611819.321880107
1123,11531129.016636275
1124,2015875.352789092
1125,1135793.3994718143
1126,7505588.38569237
1127,1135793.3994718143
1128,2015875.352789092
1129,1507032.0774030488
1130,1929414.7780374982
1131,2015875.352789092
1132,2125324.5114149745
1133,2025201.7367873169
1134,1478886.2532178115
1135,1135793.3994718143
1136,1135793.3994718143
1137,1669655.1819710876
1138,2087852.303231512
1139,1901268.953852261
1140,1135793.3994718143
1141,4720868.672164815
1142,1135793.3994718143
1143,6674013.990329422
1144,2087852.303231512
1145,7269646.917451633
1146,3272302.8752580234
1147,1135793.3994718143
1148,1369863.0122712182
1149,2087852.303231512
1150,1326562.3282250904
1151,7571300.8423430715
1152,1478886.2532178115
1153,1163939.223657051
1154,7248472.231435282
1155,1478886.2532178115
1156,1135793.3994718143
1157,1507032.0774030488
1158,1135793.3994718143
1159,6608163.816318643
1160,7104567.429460081
1161,2015875.352789092
1162,1135793.3994718143
1163,2065176.3753553885
1164,2102045.402510061
1165,1298230.5749439485
1166,6243522.558217462
1167,3321137.577577952
1168,7113267.115745848
1169,1929529.0634604737
1170,3955030.3131011976
1171,7092657.93984097
1172,6681594.555851314
1173,1135793.3994718143
1174,8902324.88636947
1175,1697801.0061563249
1176,1135793.3994718143
1177,1478886.2532178115
1178,8885350.383717103
1179,2015875.352789092
1180,12410042.422828414
1181,6400812.644133591
1182,7305646.634811533
1183,2239640.385321181
1184,2015875.352789092
1185,1135793.3994718143
1186,8782649.008249324
1187,2087852.303231512
1188,1163939.223657051
1189,1135793.3994718143
1190,1929414.7780374982
1191,12410042.422828414
1192,7338978.143298322
1193,1135793.3994718143
1194,1135793.3994718143
1195,2015875.352789092
1196,1987543.5995079502
1197,2130191.226695298
1198,1135793.3994718143
1199,1135793.3994718143
1200,1135793.3994718143
1201,11826481.597090822
1202,1507032.0774030488
1203,3272302.8752580234
1204,6720948.354603323
1205,1987543.5995079502
1206,1478886.2532178115
1207,2087852.303231512
1208,6521006.603722486
1209,1135793.3994718143
1210,2059706.4790462747
1211,1135793.3994718143
1212,1103795.8288061572
1213,3272302.8752580234
1214,1617527.5972362242
1215,1135793.3994718143
1216,1929529.0634604737
1217,1825106.424035815
1218,3932895.2324569905
1219,1579851.559504268
1220,2015875.352789092
1221,1135793.3994718143
1222,2091851.953509633
1223,8440451.331904726
1224,1135793.3994718143
1225,1966886.9862209603
1226,2087852.303231512
1227,1102967.2624506378
1228,2059706.4790462747
1229,2015875.352789092
1230,6955359.068441564
1231,1135793.3994718143
1232,1804110.946615475
1233,1135793.3994718143
1234,1796960.5998505778
1235,1987729.5286038548
1236,1804110.946615475
1237,2087852.303231512
1238,1825106.424035815
1239,1230889.6548982472
1240,1929414.7780374982
1241,1478886.2532178115
1242,1135793.3994718143
1243,1507032.0774030488
1244,1987729.5286038548
1245,11826481.597090822
1246,1796960.5998505778
1247,1135793.3994718143
1248,1102967.2624506378
1249,8440451.331904726
1250,3364948.9030317888
1251,7248472.231435282
1252,1669655.1819710876
1253,2059706.4790462747
1254,1135793.3994718143
1255,1230889.6548982472
1256,7927897.725212378
1257,6724171.865097374
1258,2239640.385321181
1259,6097204.372436907
1260,1901268.953852261
1261,2211494.561135944
1262,1135793.3994718143
1263,7212333.817961117
1264,2087852.303231512
1265,1163939.223657051
1266,1135793.3994718143
1267,1135793.3994718143
1268,1135793.3994718143
1269,11826481.597090822
1270,2015875.352789092
1271,7538919.894179158
1272,1135793.3994718143
1273,1135793.3994718143
1274,9206420.438441115
1275,2174022.3529524812
1276,1987729.5286038548
1277,2239640.385321181
1278,6225238.271483349
1279,4681499.073357851
1280,1163939.223657051
1281,2093322.1995406258
1282,2087852.303231512
1283,1135793.3994718143
1284,3364948.9030317888
1285,1135793.3994718143
1286,1135793.3994718143
1287,1163939.223657051
1288,11826481.597090822
1289,1440878.2021312972
1290,2015875.352789092
1291,7184740.8167607095
1292,1478886.2532178115
1293,6608163.816318643
1294,2055849.991357163
1295,1135793.3994718143
1296,1163939.223657051
1297,3602768.3290738226
1298,1135793.3994718143
1299,2125324.5114149745
1300,1901268.953852261
1301,2712636.8240687666
1302,1135793.3994718143
1303,1592841.1034775511
1304,1901268.953852261
1305,7683735.977270325
1306,6992361.297695026
1307,1602128.3328294822
1308,1135793.3994718143
1309,2065176.3753553885
1310,11378121.63002934
1311,1163939.223657051
1312,2712636.8240687666
1313,1135793.3994718143
1314,7305646.634811533
1315,2087852.303231512
1316,1163939.223657051
1317,1987729.5286038548
1318,1959397.775322713
1319,1929529.0634604737
1320,1135793.3994718143
1321,3875750.9959762306
1322,1796960.5998505778
1323,1796960.5998505778
1324,1901268.953852261
1325,1135793.3994718143
1326,1135793.3994718143
1327,2061983.2416473932
1328,1804110.946615475
1329,1645673.4214214613
1330,9939629.515430603
1331,1135793.3994718143
1332,1274766.756844785
1333,2015875.352789092
1334,2093322.1995406258
1335,12410042.422828414
1336,1478886.2532178115
1337,1783971.0558772949
1338,12410042.422828414
1339,7505588.38569237
1340,1369863.0122712182
1341,1796960.5998505778
1342,1987729.5286038548
1343,3471369.738840072
1344,2053347.5609725541
1345,1550033.3615241975
1346,1929414.7780374982
1347,7187681.7674863115
1348,7338978.143298322
1349,11826481.597090822
1350,2087852.303231512
1351,1987729.5286038548
1352,1465535.6855980612
1353,6745507.73150537
1354,1987543.5995079502
1355,1326562.3282250904
1356,1163939.223657051
1357,1135793.3994718143
1358,1592841.1034775511
1359,2167663.434878761
1360,1478886.2532178115
1361,1432872.26868424
1362,1478886.2532178115
1363,3326501.0913825613
1364,2239640.385321181
1365,1135793.3994718143
1366,2053347.5609725541
1367,9214106.706968142
1368,1326562.3282250904
1369,2125324.5114149745
1370,6664911.405697688
1371,1135793.3994718143
1372,1697801.0061563249
1373,1645129.6169506307
1374,6509097.114103375
1375,1573982.5086442449
1376,1617527.5972362242
1377,1135793.3994718143
1378,1478886.2532178115
1379,2174022.3529524812
1380,1135793.3994718143
1381,1478886.2532178115
1382,3364948.9030317888
1383,7113267.115745848
1384,9797667.532705735
1385,8633522.895967394
1386,1163939.223657051
1387,7505588.38569237
1388,1929529.0634604737
1389,2087852.303231512
1390,6447832.929895943
1391,1369863.0122712182
1392,1135793.3994718143
1393,1987543.5995079502
1394,1135793.3994718143
1395,1478886.2532178115
1396,1135793.3994718143
1397,1890280.9963364447
1398,1617527.5972362242
1399,6506027.762644591
1400,1507032.0774030488
1401,1298230.5749439485
1402,3471369.738840072
1403,1102967.2624506378
1404,2087852.303231512
1405,1478886.2532178115
1406,6509097.114103375
1407,1135793.3994718143
1408,1697801.0061563249
1409,2015875.352789092
1410,1135793.3994718143
1411,6653001.916078577
1412,1135793.3994718143
1413,1478886.2532178115
1414,7920495.237409038
1415,1901268.953852261
1416,1135793.3994718143
1417,1602128.3328294822
1418,1135793.3994718143
1419,1901268.953852261
1420,2015875.352789092
1421,1135793.3994718143
1422,1478886.2532178115
1423,8794558.497868434
1424,8456071.432972912
1425,1507032.0774030488
1426,3769330.1601679474
1427,1478886.2532178115
1428,2087852.303231512
1429,5600558.378137937
1430,1697801.0061563249
1431,1804110.946615475
1432,1298230.5749439485
1433,1465349.7565021566
1434,7889207.460549126
1435,1901268.953852261
1436,2139517.6106935237
1437,1135793.3994718143
1438,2091851.953509633
1439,2087852.303231512
1440,1804110.946615475
1441,1796960.5998505778
1442,6521006.603722486
1443,3272302.8752580234
1444,2061983.2416473932
1445,2015875.352789092
1446,2015875.352789092
1447,1135793.3994718143
1448,1783971.0558772949
1449,1478886.2532178115
1450,1825106.424035815
1451,2015875.352789092
1452,8677731.08501383
1453,1478886.2532178115
1454,1163939.223657051
1455,1688674.7055426098
1456,2053347.5609725541
1457,1163939.223657051
1458,2132012.5211736085
1459,1326376.3991291858
1460,1507032.0774030488
1461,11531129.016636275
1462,1918426.8205216818
1463,2053347.5609725541
1464,7104567.429460081
1465,1507032.0774030488
1466,1775965.1224302382
1467,2015875.352789092
1468,1135793.3994718143
1469,2087852.303231512
1470,7313208.866626685
1471,1230889.6548982472
1472,8210997.67213084
1473,7683735.977270325
1474,1712623.8526626576
1475,11360843.903985169
1476,3573431.3663456677
1477,2202168.1771377185
1478,2087852.303231512
1479,1478886.2532178115
1480,2087852.303231512
1481,7505588.38569237
1482,2211494.561135944
1483,1135793.3994718143
1484,1135793.3994718143
1485,1478886.2532178115
1486,6762992.811921256
1487,1135793.3994718143
1488,1478886.2532178115
1489,2087852.303231512
1490,1987729.5286038548
1491,1697801.0061563249
1492,2087852.303231512
1493,12140112.91634815
1494,12140112.91634815
1495,2125324.5114149745
1496,1697801.0061563249
1497,6509097.114103375
1498,7305646.634811533
1499,3403701.465491773
1500,2061983.2416473932
1501,1478886.2532178115
1502,1697801.0061563249
1503,2063706.1293243957
1504,2059706.4790462747
1505,1163939.223657051
1506,10606420.27398258
1507,7889207.460549126
1508,1135793.3994718143
1509,2053347.5609725541
1510,1135793.3994718143
1511,11531129.016636275
1512,1478886.2532178115
1513,2093322.1995406258
1514,1478886.2532178115
1515,6664911.405697688
1516,2059706.4790462747
1517,1478886.2532178115
1518,2125324.5114149745
1519,1163939.223657051
1520,1135793.3994718143
1521,1783971.0558772949
1522,1987543.5995079502
1523,1929414.7780374982
1524,6168181.401046953
1525,1163939.223657051
1526,1135793.3994718143
1527,1478886.2532178115
1528,3471369.738840072
1529,2087852.303231512
1530,1135793.3994718143
1531,7113267.115745848
1532,2202168.1771377185
1533,1775965.1224302382
1534,1135793.3994718143
1535,6509097.114103375
1536,1804110.946615475
1537,7468885.44086092
1538,1507032.0774030488
1539,3364948.9030317888
1540,6539507.218151815
1541,1440878.2021312972
1542,10705486.976197848
1543,1369863.0122712182
1544,1478886.2532178115
1545,1135793.3994718143
1546,1135793.3994718143
1547,1697801.0061563249
1548,2097178.687229737
1549,1478886.2532178115
1550,6767326.807179838
1551,1697801.0061563249
1552,2087852.303231512
1553,2087852.303231512
1554,2087852.303231512
1555,2091851.953509633
1556,1697801.0061563249
1557,6894427.19975506
1558,2087852.303231512
1559,3364948.9030317888
1560,1135793.3994718143
1561,11508574.978884764
1562,1478886.2532178115
1563,2087852.303231512
1564,1235086.3319634371
1565,1326562.3282250904
1566,2087852.303231512
1567,1135793.3994718143
1568,2063706.1293243957
1569,3926884.4889159603
1570,2053347.5609725541
1571,3471369.738840072
1572,1697801.0061563249
1573,2087852.303231512
1574,1135793.3994718143
1575,1135793.3994718143
1576,1135793.3994718143
1577,2033837.4174621564
1578,1135793.3994718143
1579,1135793.3994718143
1580,6967268.558060674
1581,6130365.618132203
1582,1135793.3994718143
1583,1918426.8205216818
1584,1206940.5077781999
1585,2059706.4790462747
1586,7047766.062492812
1587,1783971.0558772949
1588,1230889.6548982472
1589,1987543.5995079502
1590,1230889.6548982472
1591,1274766.756844785
1592,1929414.7780374982
1593,7412275.568841952
1594,1804110.946615475
1595,1901268.953852261
1596,2087852.303231512
1597,1135793.3994718143
1598,6755417.317560728
1599,1163939.223657051
1600,1804110.946615475
1601,1987729.5286038548
1602,1987543.5995079502
1603,1987729.5286038548
1604,1135793.3994718143
1605,1987729.5286038548
1606,6608163.816318643
1607,1478886.2532178115
1608,7412275.568841952
1609,2222451.1251263614
1610,1135793.3994718143
1611,3364948.9030317888
1612,3443223.914654835
1613,1135793.3994718143
1614,1387547.0775905089
1615,2087852.303231512
1616,8996644.221821403
1617,1478886.2532178115
1618,8542681.470637947
1619,1135793.3994718143
1620,1573982.5086442449
1621,1163939.223657051
1622,8710380.83838499
1623,2015875.352789092
1624,1135793.3994718143
1625,1796960.5998505778
1626,2202168.1771377185
1627,2091851.953509633
1628,1918426.8205216818
1629,1641323.4286899462
1630,1326562.3282250904
1631,3272302.8752580234
1632,2059706.4790462747
1633,2087852.303231512
1634,11826481.597090822
1635,1918426.8205216818
1636,1617527.5972362242
1637,1775965.1224302382
1638,3609785.7457489595
1639,1918426.8205216818
1640,2202168.1771377185
1641,3272302.8752580234
1642,1432872.26868424
1643,2015875.352789092
1644,1135793.3994718143
1645,1135793.3994718143
1646,3682047.6461987915
1647,2197630.553542308
1648,7292599.690721805
1649,1102967.2624506378
1650,1775965.1224302382
1651,1825106.424035815
1652,2087852.303231512
1653,11378121.63002934
1654,2197630.553542308
1655,1697801.0061563249
1656,2061983.2416473932
1657,1135793.3994718143
1658,1135793.3994718143
1659,10794560.804291746
1660,1478886.2532178115
1661,1901268.953852261
1662,2167663.434878761
1663,1641323.4286899462
1664,1135793.3994718143
1665,6509097.114103375
1666,2091851.953509633
1667,2087852.303231512
1668,1987543.5995079502
1669,1135793.3994718143
1670,3682047.6461987915
1671,2015875.352789092
1672,1697801.0061563249
1673,6403025.399052834
1674,1163939.223657051
1675,1550033.3615241975
1676,2125324.5114149745
1677,1274766.756844785
1678,1901268.953852261
1679,1901268.953852261
1680,2097178.687229737
1681,7786792.0590669755
1682,1135793.3994718143
1683,2015875.352789092
1684,1478886.2532178115
1685,1697801.0061563249
1686,1135793.3994718143
1687,8825781.417556409
1688,1135793.3994718143
1689,1929529.0634604737
1690,11360843.903985169
1691,1901268.953852261
1692,7104567.429460081
1693,2015875.352789092
1694,1796960.5998505778
1695,1135793.3994718143
1696,1709629.8205391592
1697,1959397.775322713
1698,1987729.5286038548
1699,1135793.3994718143
1700,1697801.0061563249
1701,3653901.822013554
1702,2239640.385321181
1703,1135793.3994718143
1704,1478886.2532178115
1705,11531129.016636275
1706,3471369.738840072
1707,6453060.165197742
1708,6053865.527140747
1709,2053347.5609725541
1710,1796960.5998505778
1711,2211494.561135944
1712,1507032.0774030488
1713,1825106.424035815
1714,1135793.3994718143
1715,1507032.0774030488
1716,1135793.3994718143
1717,1135793.3994718143
1718,1230889.6548982472
1719,1602128.3328294822
1720,2167663.434878761
1721,1135793.3994718143
1722,1901268.953852261
1723,1135793.3994718143
1724,1901268.953852261
1725,2087852.303231512
1726,6054183.7369526755
1727,1274766.756844785
1728,2087852.303231512
1729,1135793.3994718143
1730,7305646.634811533
1731,11337712.174619768
1732,4801369.591204607
1733,2015875.352789092
1734,1163939.223657051
1735,1135793.3994718143
1736,7203231.233329384
1737,11337712.174619768
1738,3682047.6461987915
1739,6509097.114103375
1740,2015875.352789092
1741,1550033.3615241975
1742,1326376.3991291858
1743,3272302.8752580234
1744,9215484.137812193
1745,1135793.3994718143
1746,1326562.3282250904
1747,1901268.953852261
1748,2061983.2416473932
1749,1373727.6759818494
1750,2087852.303231512
1751,2015875.352789092
1752,1775965.1224302382
1753,1775965.1224302382
1754,7505588.38569237
1755,1478886.2532178115
1756,1135793.3994718143
1757,1135793.3994718143
1758,10705486.976197848
1759,2063706.1293243957
1760,8609936.70532567
1761,1987729.5286038548
1762,1163939.223657051
1763,7104567.429460081
1764,8042703.001652276
1765,1135793.3994718143
1766,12410042.422828414
1767,1645673.4214214613
1768,1478886.2532178115
1769,3336803.078846552
1770,6453060.165197742
1771,2211494.561135944
1772,8199088.182511729
1773,1135793.3994718143
1774,3682047.6461987915
1775,1135793.3994718143
1776,1890280.9963364447
1777,1135793.3994718143
1778,1206940.5077781999
1779,1697801.0061563249
1780,1725409.5670874466
1781,1135793.3994718143
1782,1573982.5086442449
1783,1135793.3994718143
1784,3653901.822013554
1785,1135793.3994718143
1786,7187681.7674863115
1787,10073081.21109717
1788,1103795.8288061572
1789,1163939.223657051
1790,1918426.8205216818
1791,3471369.738840072
1792,8782649.008249324
1793,2015875.352789092
1794,1135793.3994718143
1795,1478886.2532178115
1796,1135793.3994718143
1797,11337712.174619768
1798,2125324.5114149745
1799,1135793.3994718143
1800,1369863.0122712182
1801,2033837.4174621564
1802,1669469.2528751835
1803,1641323.4286899462
1804,1163939.223657051
1805,1804110.946615475
1806,2087852.303231512
1807,1135793.3994718143
1808,7305646.634811533
1809,2087852.303231512
1810,2239640.385321181
1811,1135793.3994718143
1812,11531129.016636275
1813,1135793.3994718143
1814,1987543.5995079502
1815,1163939.223657051
1816,2053347.5609725541
1817,2025015.8076914125
1818,2053347.5609725541
1819,6453060.165197742
1820,1163939.223657051
1821,1135793.3994718143
1822,1669655.1819710876
1823,1507032.0774030488
1824,4920810.423045648
1825,1478886.2532178115
1826,1135793.3994718143
1827,2087852.303231512
1828,1163939.223657051
1829,1669469.2528751835
1830,2015875.352789092
1831,6447832.929895943
1832,3336803.078846552
1833,1808110.596893596
1834,7505588.38569237
1835,1135793.3994718143
1836,1163939.223657051
1837,1135793.3994718143
1838,1135793.3994718143
1839,1135793.3994718143
1840,1669469.2528751835
1841,1135793.3994718143
1842,1206940.5077781999
1843,1369863.0122712182
1844,1274766.756844785
1845,1478886.2532178115
1846,1135793.3994718143
1847,1929414.7780374982
1848,1573982.5086442449
1849,1135793.3994718143
1850,2053347.5609725541
1851,1163939.223657051
1852,1987729.5286038548
1853,1387547.0775905089
1854,2239640.385321181
1855,2053347.5609725541
1856,2087852.303231512
1857,1135793.3994718143
1858,2197630.553542308
1859,1617527.5972362242
1860,1135793.3994718143
1861,2091851.953509633
1862,2087852.303231512
1863,2015875.352789092
1864,1959397.775322713
1865,1775965.1224302382
1866,1697801.0061563249
1867,1135793.3994718143
1868,1326562.3282250904
1869,1796960.5998505778
1870,2102045.402510061
1871,2015875.352789092
1872,1573982.5086442449
1873,6817484.68194779
1874,1697801.0061563249
1875,1465535.6855980612
1876,6720948.354603323
1877,1987729.5286038548
1878,1697801.0061563249
1879,7538919.894179158
1880,1369863.0122712182
1881,1996869.9835061752
1882,1579851.559504268
1883,1135793.3994718143
1884,1775965.1224302382
1885,1478886.2532178115
1886,1206940.5077781999
1887,7995836.3945795465
1888,2197630.553542308
1889,1163939.223657051
1890,2211494.561135944
1891,1478886.2532178115
1892,2132012.5211736085
1893,1796960.5998505778
1894,2167663.434878761
1895,1135793.3994718143
1896,1901268.953852261
1897,1274766.756844785
1898,2202168.1771377185
1899,1876416.988742809
1900,1996869.9835061752
1901,1478886.2532178115
1902,1135793.3994718143
1903,11531129.016636275
1904,1135793.3994718143
1905,1573982.5086442449
1906,1135793.3994718143
1907,11513851.290592104
1908,2211494.561135944
1909,1235086.3319634371
1910,1796960.5998505778
1911,1326562.3282250904
1912,2087852.303231512
1913,5600558.378137937
1914,1135793.3994718143
1915,1135793.3994718143
1916,2059706.4790462747
1917,2125324.5114149745
1918,2167663.434878761
1919,2091851.953509633
1920,1274766.756844785
1921,1645673.4214214613
1922,1135793.3994718143
1923,2053347.5609725541
1924,2197630.553542308
1925,3744352.40574248
1926,1135793.3994718143
1927,1669469.2528751835
1928,1135793.3994718143
1929,2063706.1293243957
1930,1573982.5086442449
1931,1135793.3994718143
1932,1804110.946615475
1933,11058257.988609906
1934,1163939.223657051
1935,1478886.2532178115
1936,1812116.8800625317
1937,1697801.0061563249
1938,2139517.6106935237
1939,1135793.3994718143
1940,2091851.953509633
1941,11453452.211915037
1942,1478886.2532178115
1943,1135793.3994718143
1944,1796960.5998505778
1945,2167663.434878761
1946,1825106.424035815
1947,2091851.953509633
1948,1987729.5286038548
1949,2102045.402510061
1950,1987729.5286038548
1951,2125324.5114149745
1952,1573982.5086442449
1953,7104567.429460081
1954,1135793.3994718143
1955,1326562.3282250904
1956,2167663.434878761
1957,1918426.8205216818
1958,3048154.910675544
1959,1987543.5995079502
1960,1135793.3994718143
1961,1697801.0061563249
1962,1987543.5995079502
1963,2087852.303231512
1964,1135793.3994718143
1965,1135793.3994718143
1966,1697801.0061563249
1967,1478886.2532178115
1968,2087852.303231512
1969,6987740.016605476
1970,1478886.2532178115
1971,1866904.570310133
1972,2139517.6106935237
1973,11370888.29510862
1974,1135793.3994718143
1975,1478886.2532178115
1976,1135793.3994718143
1977,1725409.5670874466
1978,1230889.6548982472
1979,1135793.3994718143
1980,1478886.2532178115
1981,7795894.64369871
1982,2125324.5114149745
1983,1804110.946615475
1984,1812116.8800625317
1985,2059706.4790462747
1986,1135793.3994718143
1987,1135793.3994718143
1988,1812116.8800625317
1989,2063706.1293243957
1990,3741184.33598271
1991,1135793.3994718143
1992,1135793.3994718143
1993,2015875.352789092
1994,1929414.7780374982
1995,1868107.7081569638
1996,1135793.3994718143
1997,1163939.223657051
1998,1507032.0774030488
1999,1387547.0775905089
2000,1135793.3994718143
2001,1369863.0122712182
2002,11409508.276669497
2003,1796960.5998505778
2004,7047766.062492812
2005,1163939.223657051
2006,1478886.2532178115
2007,1987543.5995079502
2008,1369863.0122712182
2009,1987543.5995079502
2010,11370888.29510862
2011,1478886.2532178115
2012,6229432.320347471
2013,8902324.88636947
2014,1135793.3994718143
2015,1135793.3994718143
2016,10947568.190898683
2017,6097204.372436907
2018,3682047.6461987915
2019,11337712.174619768
2020,1135793.3994718143
2021,1808110.596893596
2022,2239640.385321181
2023,3364948.9030317888
2024,1478886.2532178115
2025,2015875.352789092
2026,1617527.5972362242
2027,1135793.3994718143
2028,1478886.2532178115
2029,8089149.211429961
2030,1135793.3994718143
2031,11513851.290592104
2032,1775965.1224302382
2033,6509097.114103375
2034,2130191.226695298
2035,1326562.3282250904
2036,1866904.570310133
2037,1804110.946615475
2038,3744352.40574248
2039,1669655.1819710876
2040,1230889.6548982472
2041,1804110.946615475
2042,2087852.303231512
2043,1796960.5998505778
2044,7412275.568841952
2045,3471369.738840072
2046,8902324.88636947
2047,1697801.0061563249
2048,2091851.953509633
2049,3272302.8752580234
2050,10705486.976197848
2051,1163939.223657051
2052,1617527.5972362242
2053,1892056.8552770112
2054,10606420.27398258
2055,1804110.946615475
2056,2139517.6106935237
2057,1135793.3994718143
2058,1478886.2532178115
2059,2087852.303231512
2060,2211494.561135944
2061,1987543.5995079502
2062,1796960.5998505778
2063,1135793.3994718143
2064,1478886.2532178115
2065,2053347.5609725541
2066,1573982.5086442449
2067,9261291.910751423
2068,2015875.352789092
2069,2087852.303231512
2070,1135793.3994718143
2071,7896769.692364278
2072,1697801.0061563249
2073,8611314.13616972
2074,2087852.303231512
2075,2222451.1251263614
2076,3609785.7457489595
2077,1697801.0061563249
2078,1901268.953852261
2079,2087852.303231512
2080,1135793.3994718143
2081,1725409.5670874466
2082,1135793.3994718143
2083,6521006.603722486
2084,2130191.226695298
2085,1135793.3994718143
2086,1135793.3994718143
2087,1135793.3994718143
2088,1796960.5998505778
2089,1135793.3994718143
2090,1550033.3615241975
2091,2087852.303231512
2092,1796960.5998505778
2093,1697801.0061563249
2094,2015875.352789092
2095,1369863.0122712182
2096,11378121.63002934
2097,1592841.1034775511
2098,1478886.2532178115
2099,2087852.303231512
2100,3744352.40574248
2101,1369863.0122712182
2102,3471369.738840072
2103,9065530.007307868
2104,1478886.2532178115
2105,1478886.2532178115
2106,2087852.303231512
2107,2087852.303231512
2108,1617527.5972362242
2109,1901268.953852261
2110,2202168.1771377185
2111,1163939.223657051
2112,8199088.182511729
2113,1135793.3994718143
2114,1987543.5995079502
2115,1478886.2532178115
2116,9215484.137812193
2117,1804110.946615475
2118,2063706.1293243957
2119,8445408.385969084
2120,1135793.3994718143
2121,6521006.603722486
2122,1959397.775322713
2123,1478886.2532178115
2124,1697801.0061563249
2125,2202168.1771377185
2126,7505588.38569237
2127,1987543.5995079502
2128,1135793.3994718143
2129,2197630.553542308
2130,2025015.8076914125
2131,1135793.3994718143
2132,1478886.2532178115
2133,6509097.114103375
2134,7305646.634811533
2135,1135793.3994718143
2136,1804110.946615475
2137,1135793.3994718143
2138,2087852.303231512
2139,2087852.303231512
2140,1465017.743147598
2141,6720948.354603323
2142,6180456.697458475
2143,1230889.6548982472
2144,1135793.3994718143
2145,1507032.0774030488
2146,2087852.303231512
2147,7187681.7674863115
2148,1135793.3994718143
2149,2015875.352789092
2150,3682047.6461987915
2151,2033837.4174621564
2152,11370888.29510862
2153,1135793.3994718143
2154,2167663.434878761
2155,6509097.114103375
2156,3364948.9030317888
2157,2015875.352789092
2158,10947568.190898683
2159,1369863.0122712182
2160,1697801.0061563249
2161,1135793.3994718143
2162,1592841.1034775511
2163,1274766.756844785
2164,2015875.352789092
2165,2067512.3175850795
2166,2239640.385321181
2167,1135793.3994718143
2168,6664911.405697688
2169,1326562.3282250904
2170,1507032.0774030488
2171,1804110.946615475
2172,1163939.223657051
2173,3471369.738840072
2174,2087852.303231512
2175,2061983.2416473932
2176,1573982.5086442449
2177,1369863.0122712182
2178,1274766.756844785
2179,1478886.2532178115
2180,2053347.5609725541
2181,10147691.127247242
2182,2087852.303231512
2183,1825106.424035815
2184,6509097.114103375
2185,2125324.5114149745
2186,1135793.3994718143
2187,2087852.303231512
2188,1326562.3282250904
2189,6608163.816318643
2190,1929529.0634604737
2191,2061983.2416473932
2192,1918426.8205216818
2193,1669655.1819710876
2194,1163939.223657051
2195,1901268.953852261
2196,1478886.2532178115
2197,7995836.3945795465
2198,1929414.7780374982
2199,3009402.3482155595
2200,1478886.2532178115
2201,7092657.93984097
2202,2061983.2416473932
2203,9028969.211706674
2204,1592841.1034775511
2205,3676684.132394181
2206,1135793.3994718143
2207,1326562.3282250904
2208,7194531.547043614
2209,1617527.5972362242
2210,6509097.114103375
2211,1135793.3994718143
2212,1135793.3994718143
2213,1592841.1034775511
2214,1796960.5998505778
2215,1987543.5995079502
2216,1326562.3282250904
2217,1796960.5998505778
2218,1929529.0634604737
2219,1354708.1524103272
2220,1808110.596893596
2221,1135793.3994718143
2222,1868107.7081569638
2223,1669469.2528751835
2224,1507032.0774030488
2225,1102967.2624506378
2226,1135793.3994718143
2227,1135793.3994718143
2228,2063706.1293243957
2229,1804110.946615475
2230,1135793.3994718143
2231,1602128.3328294822
2232,1135793.3994718143
2233,1478886.2532178115
2234,1811916.78515428
2235,8089149.211429961
2236,1135793.3994718143
2237,1135793.3994718143
2238,2015875.352789092
2239,1135793.3994718143
2240,6553128.212439687
2241,1804110.946615475
2242,1135793.3994718143
2243,1135793.3994718143
2244,1135793.3994718143
2245,3272302.8752580234
2246,3471369.738840072
2247,2125324.5114149745
2248,1135793.3994718143
2249,11378121.63002934
2250,1135793.3994718143
2251,2061983.2416473932
2252,1135793.3994718143
2253,1669469.2528751835
2254,1796960.5998505778
2255,6724171.865097374
2256,1274766.756844785
2257,1135793.3994718143
2258,1103795.8288061572
2259,1274766.756844785
2260,1825106.424035815
2261,1135793.3994718143
2262,1135793.3994718143
2263,1135793.3994718143
2264,1573982.5086442449
2265,1135793.3994718143
2266,8210997.67213084
2267,1478886.2532178115
2268,3602768.3290738226
2269,2167663.434878761
2270,2015875.352789092
2271,2063706.1293243957
2272,1987729.5286038548
2273,11826481.597090822
2274,6817484.68194779
2275,2091851.953509633
2276,1135793.3994718143
2277,2061983.2416473932
2278,2059706.4790462747
2279,2139517.6106935237
2280,1163939.223657051
2281,2102045.402510061
2282,1440878.2021312972
2283,2239640.385321181
2284,1630313.3116610132
2285,1135793.3994718143
2286,2087852.303231512
2287,2087852.303231512
2288,1135793.3994718143
2289,1163939.223657051
2290,1369863.0122712182
2291,1135793.3994718143
2292,2061983.2416473932
2293,1135793.3994718143
2294,1804110.946615475
2295,1135793.3994718143
2296,1135793.3994718143
2297,1326562.3282250904
2298,1478886.2532178115
2299,1230889.6548982472
2300,7305646.634811533
2301,1987543.5995079502
2302,1135793.3994718143
2303,2239640.385321181
2304,1135793.3994718143
2305,1478886.2532178115
2306,2038034.0945273463
2307,1669469.2528751835
2308,1135793.3994718143
2309,1135793.3994718143
2310,1825106.424035815
2311,2015875.352789092
2312,1135793.3994718143
2313,2087852.303231512
2314,1369863.0122712182
2315,1163939.223657051
2316,6158616.457526539
2317,2167663.434878761
2318,2211494.561135944
2319,1298230.5749439485
2320,1478886.2532178115
2321,1592841.1034775511
2322,2712636.8240687666
2323,3471369.738840072
2324,1657583.3180208614
2325,1135793.3994718143
2326,6639265.764406452
2327,2174022.3529524812
2328,1135793.3994718143
2329,1135793.3994718143
2330,1929414.7780374982
2331,1938741.1620357234
2332,1163939.223657051
2333,1274766.756844785
2334,1369863.0122712182
2335,3471369.738840072
2336,11378121.63002934
2337,1326562.3282250904
2338,1135793.3994718143
2339,1135793.3994718143
2340,1478886.2532178115
2341,1440878.2021312972
2342,1573982.5086442449
2343,11513851.290592104
2344,2015875.352789092
2345,1630313.3116610132
2346,1796960.5998505778
2347,1230889.6548982472
2348,1929414.7780374982
2349,1135793.3994718143
2350,1135793.3994718143
2351,1135793.3994718143
2352,2091851.953509633
2353,2091851.953509633
2354,2239640.385321181
2355,9386819.009891797
2356,2087852.303231512
2357,3272302.8752580234
2358,1796960.5998505778
2359,1465535.6855980612
2360,2087852.303231512
2361,1478886.2532178115
2362,2053347.5609725541
2363,1929414.7780374982
2364,1135793.3994718143
2365,10523190.341168199
2366,2087852.303231512
2367,2087852.303231512
2368,4890312.345111113
2369,1478886.2532178115
2370,9797667.532705735
2371,6442535.29486426
2372,1135793.3994718143
2373,11513851.290592104
2374,1135793.3994718143
2375,1697801.0061563249
2376,3716206.5815572427
2377,2125324.5114149745
2378,2015875.352789092
2379,2097178.687229737
2380,2211494.561135944
2381,1987543.5995079502
2382,2053347.5609725541
2383,1641323.4286899462
2384,10606420.27398258
2385,1929529.0634604737
2386,1697801.0061563249
2387,1230889.6548982472
2388,1135793.3994718143
2389,1163939.223657051
2390,1135793.3994718143
2391,2087852.303231512
2392,1163939.223657051
2393,1478886.2532178115
2394,2087852.303231512
2395,1163939.223657051
2396,3492232.6716330415
2397,1901268.953852261
2398,1135793.3994718143
2399,6653001.916078577
2400,9215484.137812193
2401,1103795.8288061572
2402,1135793.3994718143
2403,12410042.422828414
2404,1987729.5286038548
2405,1478886.2532178115
2406,1478886.2532178115
2407,1507032.0774030488
2408,1725409.5670874466
2409,1697801.0061563249
2410,10930290.464854512
2411,2015875.352789092
2412,1796960.5998505778
2413,1987729.5286038548
2414,2015875.352789092
2415,1987729.5286038548
2416,1669469.2528751835
2417,1135793.3994718143
2418,2091851.953509633
2419,1796960.5998505778
2420,1697801.0061563249
2421,2015875.352789092
2422,1369863.0122712182
2423,3602768.3290738226
2424,1135793.3994718143
2425,1478886.2532178115
2426,1507032.0774030488
2427,1135793.3994718143
2428,1135793.3994718143
2429,1478886.2532178115
2430,7505588.38569237
2431,1987729.5286038548
2432,3471369.738840072
2433,2015875.352789092
2434,5454045.28262235
2435,3609785.7457489595
2436,1163939.223657051
2437,1230889.6548982472
2438,1102967.2624506378
2439,1103795.8288061572
2440,9799044.963549785
2441,1478886.2532178115
2442,1135793.3994718143
2443,1779964.772708359
2444,2091851.953509633
2445,10794560.804291746
2446,1135793.3994718143
2447,1135793.3994718143
2448,1135793.3994718143
2449,1135793.3994718143
2450,1478886.2532178115
2451,1592841.1034775511
2452,9194874.961907312
2453,2239640.385321181
2454,1645673.4214214613
2455,1796960.5998505778
2456,1796960.5998505778
2457,1135793.3994718143
2458,1102967.2624506378
2459,1135793.3994718143
2460,1326562.3282250904
2461,2091851.953509633
2462,1757881.3293635393
2463,1478886.2532178115
2464,2239640.385321181
2465,7505588.38569237
2466,1135793.3994718143
2467,1641323.4286899462
2468,2239640.385321181
2469,2061983.2416473932
2470,12140112.91634815
2471,1135793.3994718143
2472,1135793.3994718143
2473,1669655.1819710876
2474,12140112.91634815
2475,1578179.1857094348
2476,6447832.929895943
2477,2053347.5609725541
2478,2087852.303231512
2479,1135793.3994718143
2480,1602128.3328294822
2481,2015875.352789092
2482,11477188.332244607
2483,1135793.3994718143
2484,6154492.440676237
2485,1987729.5286038548
2486,1135793.3994718143
2487,1547188.1425904469
2488,1812116.8800625317
2489,5201668.9968909975
2490,1135793.3994718143
2491,1804110.946615475
2492,2015875.352789092
2493,1987729.5286038548
2494,1206940.5077781999
2495,1135793.3994718143
2496,1779964.772708359
2497,1135793.3994718143
2498,2599512.8782282644
2499,11548984.434294334
2500,1539753.486262905
2501,1804110.946615475
2502,2139517.6106935237
2503,1235086.3319634371
2504,1386718.511234989
2505,2129324.161693095
2506,1796960.5998505778
2507,1135793.3994718143
2508,1298230.5749439485
2509,7292599.690721805
2510,1135793.3994718143
2511,1507032.0774030488
2512,6709038.8649842115
2513,10606420.27398258
2514,2063706.1293243957
2515,1135793.3994718143
2516,1804110.946615475
2517,2063706.1293243957
2518,1135793.3994718143
2519,1163939.223657051
2520,1901268.953852261
2521,1135793.3994718143
2522,1135793.3994718143
2523,1478886.2532178115
2524,2063706.1293243957
2525,7505588.38569237
2526,2025201.7367873169
2527,1135793.3994718143
2528,7113267.115745848
2529,1901268.953852261
2530,3813446.23643254
2531,1592841.1034775511
2532,1617527.5972362242
2533,1987543.5995079502
2534,1929414.7780374982
2535,2129324.161693095
2536,1669655.1819710876
2537,6995302.248420628
2538,1812116.8800625317
2539,2087852.303231512
2540,2097178.687229737
2541,1987729.5286038548
2542,2239640.385321181
2543,2063706.1293243957
2544,1102967.2624506378
2545,11826481.597090822
2546,11370888.29510862
2547,1135793.3994718143
2548,1901268.953852261
2549,1465535.6855980612
2550,1163939.223657051
2551,1135793.3994718143
2552,6509097.114103375
2553,1929529.0634604737
2554,7092657.93984097
2555,3676684.132394181
2556,2087852.303231512
2557,11378121.63002934
2558,10794560.804291746
2559,11531129.016636275
2560,2053347.5609725541
2561,9206420.438441115
2562,7538919.894179158
2563,1478886.2532178115
2564,2015875.352789092
2565,1135793.3994718143
2566,1669655.1819710876
2567,2087852.303231512
2568,1387547.0775905089
2569,1135793.3994718143
2570,11727414.894875553
2571,2065176.3753553885
2572,1901268.953852261
2573,2053347.5609725541
2574,2015875.352789092
2575,1478886.2532178115
2576,6069586.339985315
2577,3341166.045787404
2578,1298230.5749439485
2579,11531129.016636275
2580,1478886.2532178115
2581,2059706.4790462747
2582,1135793.3994718143
2583,1135793.3994718143
2584,2239640.385321181
2585,2239640.385321181
2586,3272302.8752580234
2587,1135793.3994718143
2588,1669469.2528751835
2589,1959397.775322713
2590,2065176.3753553885
2591,7113267.115745848
2592,6509097.114103375
2593,1987543.5995079502
2594,1326562.3282250904
2595,1387547.0775905089
2596,2091851.953509633
2597,2599512.8782282644
2598,1235086.3319634371
2599,1812116.8800625317
2600,1901268.953852261
2601,2239640.385321181
2602,1507032.0774030488
2603,1775965.1224302382
2604,2091851.953509633
2605,1697801.0061563249
2606,6894427.19975506
2607,1274766.756844785
2608,1135793.3994718143
2609,2015875.352789092
2610,1135793.3994718143
2611,2091851.953509633
2612,2061983.2416473932
2613,3496347.4932655394
2614,2087852.303231512
2615,3602768.3290738226
2616,1478886.2532178115
2617,2053347.5609725541
2618,1645673.4214214613
2619,1573982.5086442449
2620,6664911.405697688
2621,1987543.5995079502
2622,1804110.946615475
2623,1804110.946615475
2624,1135793.3994718143
2625,1135793.3994718143
2626,1669469.2528751835
2627,1135793.3994718143
2628,1478886.2532178115
2629,1103795.8288061572
2630,1135793.3994718143
2631,2033837.4174621564
2632,1135793.3994718143
2633,6213590.065092975
2634,12410042.422828414
2635,1592841.1034775511
2636,2087852.303231512
2637,1478886.2532178115
2638,1135793.3994718143
2639,8947565.884475369
2640,1163939.223657051
2641,6040217.865654865
2642,1478886.2532178115
2643,2093322.1995406258
2644,1163939.223657051
2645,2087852.303231512
2646,1135793.3994718143
2647,2091851.953509633
2648,1135793.3994718143
2649,1135793.3994718143
2650,1602128.3328294822
2651,2125324.5114149745
2652,2015875.352789092
2653,1135793.3994718143
2654,2053347.5609725541
2655,1135793.3994718143
2656,2087852.303231512
2657,7187681.7674863115
2658,1478886.2532178115
2659,6521006.603722486
2660,1135793.3994718143
2661,6509097.114103375
2662,1163939.223657051
2663,2024511.0334639312
2664,3545285.5421604305
2665,1617527.5972362242
2666,6955359.068441564
2667,2061983.2416473932
2668,1135793.3994718143
2669,1163939.223657051
2670,1478886.2532178115
2671,1478886.2532178115
2672,2091851.953509633
2673,1135793.3994718143
2674,1135793.3994718143
2675,1716820.529727847
2676,2087852.303231512
2677,1369863.0122712182
2678,1573982.5086442449
2679,1573982.5086442449
2680,1135793.3994718143
2681,1163939.223657051
2682,1697801.0061563249
2683,1783971.0558772949
2684,11531129.016636275
2685,1135793.3994718143
2686,1274766.756844785
2687,2015875.352789092
2688,1523811.716564135
2689,1478886.2532178115
2690,3336803.078846552
2691,7896769.692364278
2692,1808110.596893596
2693,5600558.378137937
2694,7336934.411671443
2695,1478886.2532178115
2696,1987543.5995079502
2697,2087852.303231512
2698,1804110.946615475
2699,3300448.69944326
2700,1775965.1224302382
2701,1135793.3994718143
2702,1135793.3994718143
2703,1230889.6548982472
2704,7187681.7674863115
2705,1478886.2532178115
2706,1135793.3994718143
2707,2063706.1293243957
2708,2015875.352789092
2709,1135793.3994718143
2710,1507032.0774030488
2711,6720948.354603323
2712,1478886.2532178115
2713,2239640.385321181
2714,1103795.8288061572
2715,2087852.303231512
2716,7677929.776373489
2717,2015875.352789092
2718,1274766.756844785
2719,1825106.424035815
2720,1592841.1034775511
2721,1542419.0007854793
2722,3682047.6461987915
2723,1523811.716564135
2724,2101178.337507858
2725,8445408.385969084
2726,1369863.0122712182
2727,2317547.380552795
2728,1326376.3991291858
2729,1478886.2532178115
2730,2059706.4790462747
2731,2025015.8076914125
2732,2033837.4174621564
2733,1163939.223657051
2734,1901268.953852261
2735,1478886.2532178115
2736,1369863.0122712182
2737,6894427.19975506
2738,2087852.303231512
2739,1135793.3994718143
2740,2139517.6106935237
2741,6608163.816318643
2742,10777283.078247575
2743,1775965.1224302382
2744,1669469.2528751835
2745,1135793.3994718143
2746,1465535.6855980612
2747,2053347.5609725541
2748,1687937.3589039843
2749,1804110.946615475
2750,2239640.385321181
2751,1326562.3282250904
2752,1669469.2528751835
2753,1135793.3994718143
2754,1641323.4286899462
2755,9068912.39168574
2756,2015875.352789092
2757,11531129.016636275
2758,2087852.303231512
2759,1996869.9835061752
2760,3326501.0913825613
2761,2087852.303231512
2762,2053347.5609725541
2763,1135793.3994718143
2764,7187681.7674863115
2765,1163939.223657051
2766,1326562.3282250904
2767,1812116.8800625317
2768,1796960.5998505778
2769,1163939.223657051
2770,6762992.811921256
2771,1551957.5407493722
2772,1573982.5086442449
2773,10150826.972000381
2774,1387547.0775905089
2775,1592841.1034775511
2776,1135793.3994718143
2777,1478886.2532178115
2778,1812116.8800625317
2779,1135793.3994718143
2780,7269646.917451633
2781,6509097.114103375
2782,1274766.756844785
2783,7212333.817961117
2784,1135793.3994718143
2785,1163939.223657051
2786,2091851.953509633
2787,3300448.69944326
2788,1135793.3994718143
2789,1369863.0122712182
2790,1669469.2528751835
2791,1135793.3994718143
2792,3609785.7457489595
2793,1163939.223657051
2794,1274766.756844785
2795,1697801.0061563249
2796,2481340.516632946
2797,1929529.0634604737
2798,6709038.8649842115
2799,1326562.3282250904
2800,1135793.3994718143
2801,1929414.7780374982
2802,1135793.3994718143
2803,1135793.3994718143
2804,1796960.5998505778
2805,1326562.3282250904
2806,1804110.946615475
2807,2097178.687229737
2808,1326376.3991291858
2809,2053347.5609725541
2810,1697801.0061563249
2811,2015875.352789092
2812,1230889.6548982472
2813,1274766.756844785
2814,1929414.7780374982
2815,3875750.9959762306
2816,1617527.5972362242
2817,1135793.3994718143
2818,1987543.5995079502
2819,2087852.303231512
2820,1135793.3994718143
2821,2087852.303231512
2822,1135793.3994718143
2823,1918426.8205216818
2824,1478886.2532178115
2825,1230889.6548982472
2826,1987729.5286038548
2827,1135793.3994718143
2828,11378121.63002934
2829,1868107.7081569638
2830,1369863.0122712182
2831,1507032.0774030488
2832,1697801.0061563249
2833,1617527.5972362242
2834,1987729.5286038548
2835,7538919.894179158
2836,6186411.68486324
2837,1478886.2532178115
2838,1783971.0558772949
2839,1573982.5086442449
2840,2000561.8863438838
2841,2015875.352789092
2842,1135793.3994718143
2843,1298230.5749439485
2844,1478886.2532178115
2845,10606420.27398258
2846,1507032.0774030488
2847,11648051.136509601
2848,1478886.2532178115
2849,1966886.9862209603
2850,1135793.3994718143
2851,2174022.3529524812
2852,2063706.1293243957
2853,2015875.352789092
2854,1507032.0774030488
2855,3471369.738840072
2856,9417437.376631066
2857,7795894.64369871
2858,1135793.3994718143
2859,1135793.3994718143
2860,10705486.976197848
2861,7412275.568841952
2862,1135793.3994718143
2863,1135793.3994718143
2864,2087852.303231512
2865,2087852.303231512
2866,1725409.5670874466
2867,1274766.756844785
2868,1825106.424035815
2869,1135793.3994718143
2870,1796960.5998505778
2871,1135793.3994718143
2872,7305646.634811533
2873,1478886.2532178115
2874,1804110.946615475
2875,1669655.1819710876
2876,1592841.1034775511
2877,1135793.3994718143
2878,1478886.2532178115
2879,2015875.352789092
2880,2087852.303231512
2881,1135793.3994718143
2882,5600558.378137937
2883,11409508.276669497
2884,7920495.237409038
2885,2075892.175656762
2886,6745507.73150537
2887,1507032.0774030488
2888,2239640.385321181
2889,1478886.2532178115
2890,1274766.756844785
2891,2087852.303231512
2892,3076300.7348607806
2893,2033837.4174621564
2894,1641323.4286899462
2895,1987729.5286038548
2896,1135793.3994718143
2897,3471369.738840072
2898,7292599.690721805
2899,1901268.953852261
2900,1478886.2532178115
2901,1135793.3994718143
2902,2015875.352789092
2903,1135793.3994718143
2904,2125324.5114149745
2905,1478886.2532178115
2906,1775965.1224302382
2907,11826481.597090822
2908,1135793.3994718143
2909,7113267.115745848
2910,6664911.405697688
2911,1478886.2532178115
2912,1804110.946615475
2913,6745507.73150537
2914,7655174.868355175
2915,6509097.114103375
2916,1987543.5995079502
2917,7786792.0590669755
2918,1697801.0061563249
2919,1645673.4214214613
2920,2087852.303231512
2921,1135793.3994718143
2922,2087852.303231512
2923,1987729.5286038548
2924,2102045.402510061
2925,6229432.320347471
2926,1478886.2532178115
2927,1326562.3282250904
2928,1135793.3994718143
2929,2087852.303231512
2930,1230889.6548982472
2931,7212333.817961117
2932,4061635.859541896
2933,6509097.114103375
2934,7889207.460549126
2935,1725409.5670874466
2936,2059706.4790462747
2937,1687937.3589039843
2938,1959397.775322713
2939,2015875.352789092
2940,3068183.378884996
2941,7212333.817961117
2942,1135793.3994718143
2943,1804110.946615475
2944,6664911.405697688
2945,1369863.0122712182
2946,1669469.2528751835
2947,2087852.303231512
2948,1987543.5995079502
2949,10606420.27398258
2950,1478886.2532178115
2951,1135793.3994718143
2952,1617527.5972362242
2953,1478886.2532178115
2954,1135793.3994718143
2955,1478886.2532178115
2956,1987543.5995079502
2957,1135793.3994718143
2958,1274766.756844785
2959,2087852.303231512
2960,2087852.303231512
2961,9489520.385359578
2962,11337712.174619768
2963,1987543.5995079502
2964,1901268.953852261
2965,1697801.0061563249
2966,1135793.3994718143
2967,2015875.352789092
2968,11826481.597090822
2969,1135793.3994718143
2970,1918426.8205216818
2971,1163939.223657051
2972,1901268.953852261
2973,1135793.3994718143
2974,1274766.756844785
2975,1697801.0061563249
2976,1369863.0122712182
2977,1478886.2532178115
2978,1617527.5972362242
2979,1135793.3994718143
2980,1804110.946615475
2981,3609785.7457489595
2982,1135793.3994718143
2983,2015875.352789092
2984,12410042.422828414
2985,1163939.223657051
2986,2133130.349953779
2987,1478886.2532178115
2988,2065176.3753553885
2989,2222451.1251263614
2990,1573982.5086442449
2991,2091851.953509633
2992,6955359.068441564
2993,2197630.553542308
2994,1135793.3994718143
2995,2167663.434878761
2996,1135793.3994718143
2997,2573663.4666957958
2998,2125324.5114149745
2999,3364948.9030317888
3000,8440451.331904726
3001,1135793.3994718143
3002,9489520.385359578
3003,2139517.6106935237
3004,6608163.816318643
3005,1669655.1819710876
3006,6795360.497539793
3007,1804110.946615475
3008,1326562.3282250904
3009,1163939.223657051
3010,6521006.603722486
3011,1938741.1620357234
3012,2087852.303231512
3013,1135793.3994718143
3014,6808105.567199479
3015,1478886.2532178115
3016,2125324.5114149745
3017,2091851.953509633
3018,2139517.6106935237
3019,1929414.7780374982
3020,4681499.073357851
3021,1507032.0774030488
3022,1804110.946615475
3023,1163939.223657051
3024,1987729.5286038548
3025,2239640.385321181
3026,1478886.2532178115
3027,7187681.7674863115
3028,2015875.352789092
3029,1697801.0061563249
3030,1163939.223657051
3031,11189981.099720173
3032,2102045.402510061
3033,1804110.946615475
3034,6762992.811921256
3035,1507032.0774030488
3036,1478886.2532178115
3037,1987729.5286038548
3038,2139517.6106935237
3039,2061983.2416473932
3040,2087852.303231512
3041,8089149.211429961
3042,1135793.3994718143
3043,11826481.597090822
3044,1796960.5998505778
3045,1199326.1470394817
3046,1135793.3994718143
3047,1901268.953852261
3048,1135793.3994718143
3049,1163939.223657051
3050,2015875.352789092
3051,11826481.597090822
3052,1230889.6548982472
3053,2239640.385321181
3054,1959397.775322713
3055,1929414.7780374982
3056,7092657.93984097
3057,1825106.424035815
3058,2033837.4174621564
3059,2015875.352789092
3060,2063706.1293243957
3061,11531129.016636275
3062,10777283.078247575
3063,1326562.3282250904
3064,1573982.5086442449
3065,1369863.0122712182
3066,2087852.303231512
3067,1987729.5286038548
3068,1326562.3282250904
3069,1478886.2532178115
3070,1135793.3994718143
3071,1669655.1819710876
3072,6755417.317560728
3073,2087852.303231512
3074,1669469.2528751835
3075,2015875.352789092
3076,1725409.5670874466
3077,1103795.8288061572
3078,1135793.3994718143
3079,1602128.3328294822
3080,2059706.4790462747
3081,1135793.3994718143
3082,1163939.223657051
3083,1687937.3589039843
3084,2087852.303231512
3085,2139517.6106935237
3086,9485885.712107062
3087,1135793.3994718143
3088,1478886.2532178115
3089,1274766.756844785
3090,1135793.3994718143
3091,2061983.2416473932
3092,2015875.352789092
3093,1987729.5286038548
3094,2239640.385321181
3095,1135793.3994718143
3096,1478886.2532178115
3097,1135793.3994718143
3098,6885324.615123326
3099,1478886.2532178115
3100,6720948.354603323
3101,1163939.223657051
3102,6521006.603722486
3103,6201512.726438589
3104,2091851.953509633
3105,1163939.223657051
3106,7092657.93984097
3107,1163939.223657051
3108,2102045.402510061
3109,2015875.352789092
3110,1135793.3994718143
3111,1641323.4286899462
3112,1163939.223657051
3113,1796960.5998505778
3114,2061983.2416473932
3115,1274766.756844785
3116,1135793.3994718143
3117,1669655.1819710876
3118,11508574.978884764
3119,1901268.953852261
3120,1135793.3994718143
3121,1135793.3994718143
3122,1617527.5972362242
3123,2015875.352789092
3124,1812116.8800625317
3125,1135793.3994718143
3126,1901268.953852261
3127,3471369.738840072
3128,1135793.3994718143
3129,4058283.079149711
3130,1274766.756844785
3131,2015875.352789092
3132,1369863.0122712182
3133,1929414.7780374982
3134,3955030.3131011976
3135,1796960.5998505778
3136,1163939.223657051
3137,2093322.1995406258
3138,1478886.2532178115
3139,6243522.558217462
3140,3110633.724877511
3141,1135793.3994718143
3142,1135793.3994718143
3143,2065176.3753553885
3144,6130365.618132203
3145,1987543.5995079502
3146,2091851.953509633
3147,1326562.3282250904
3148,1326562.3282250904
3149,2087852.303231512
3150,1929529.0634604737
3151,1135793.3994718143
3152,7683735.977270325
3153,8499549.061330859
3154,1135793.3994718143
3155,7538919.894179158
3156,1775965.1224302382
3157,1135793.3994718143
3158,1592841.1034775511
3159,2167663.434878761
3160,2125324.5114149745
3161,2087852.303231512
3162,1230889.6548982472
3163,1465535.6855980612
3164,1918426.8205216818
3165,1135793.3994718143
3166,1901268.953852261
3167,1478886.2532178115
3168,1163939.223657051
3169,10965423.608556742
3170,11531129.016636275
3171,1135793.3994718143
3172,1326562.3282250904
3173,1804110.946615475
3174,10965423.608556742
3175,1440878.2021312972
3176,1507032.0774030488
3177,9485885.712107062
3178,1573982.5086442449
3179,1478886.2532178115
3180,7104567.429460081
3181,7036620.990935336
3182,1135793.3994718143
3183,1987729.5286038548
3184,1103795.8288061572
3185,2091851.953509633
3186,2015875.352789092
3187,6509097.114103375
3188,2087852.303231512
3189,1478886.2532178115
3190,2015875.352789092
3191,6755417.317560728
3192,2015875.352789092
3193,2087852.303231512
3194,1163939.223657051
3195,1804110.946615475
3196,2063706.1293243957
3197,1199326.1470394817
3198,1669655.1819710876
3199,1804110.946615475
3200,8902324.88636947
3201,1697801.0061563249
3202,2125324.5114149745
3203,1478886.2532178115
3204,3471369.738840072
3205,1716820.529727847
3206,1135793.3994718143
3207,1862578.6322192778
3208,11370888.29510862
3209,2087852.303231512
3210,1987543.5995079502
3211,3471369.738840072
3212,12410042.422828414
3213,1478886.2532178115
3214,1259035.4790834845
3215,1812116.8800625317
3216,2061983.2416473932
3217,9024012.157642318
3218,2211494.561135944
3219,1437203.9323169193
3220,1163939.223657051
3221,1957674.8876457107
3222,1135793.3994718143
3223,1135793.3994718143
3224,1929529.0634604737
3225,2979235.1346437605
3226,1775965.1224302382
3227,2015875.352789092
3228,1135793.3994718143
3229,1163939.223657051
3230,2087852.303231512
3231,11531129.016636275
3232,1957674.8876457107
3233,1987543.5995079502
3234,6762992.811921256
3235,1573982.5086442449
3236,1579851.559504268
3237,1163939.223657051
3238,1135793.3994718143
3239,1135793.3994718143
3240,2087852.303231512
3241,6509097.114103375
3242,1135793.3994718143
3243,1592841.1034775511
3244,2087852.303231512
3245,1369530.9989166597
3246,11337712.174619768
3247,1230889.6548982472
3248,7212333.817961117
3249,1163939.223657051
3250,1929529.0634604737
3251,1804110.946615475
3252,1135793.3994718143
3253,2239640.385321181
3254,3496347.4932655394
3255,1135793.3994718143
3256,1163939.223657051
3257,1929414.7780374982
3258,1135793.3994718143
3259,2087852.303231512
3260,2087852.303231512
3261,2239640.385321181
3262,1669655.1819710876
3263,6521006.603722486
3264,1135793.3994718143
3265,2033837.4174621564
3266,2139517.6106935237
3267,1135793.3994718143
3268,1230889.6548982472
3269,1929529.0634604737
3270,1592841.1034775511
3271,2059706.4790462747
3272,2091851.953509633
3273,6625105.162882106
3274,1135793.3994718143
3275,7505588.38569237
3276,2202168.1771377185
3277,1645129.6169506307
3278,12410042.422828414
3279,1929414.7780374982
3280,1987729.5286038548
3281,1987729.5286038548
3282,2239640.385321181
3283,1163939.223657051
3284,1432872.26868424
3285,1326562.3282250904
3286,2015875.352789092
3287,1135793.3994718143
3288,1135793.3994718143
3289,12410042.422828414
3290,1163939.223657051
3291,7092657.93984097
3292,12140112.91634815
3293,1573982.5086442449
3294,6755417.317560728
3295,12410042.422828414
3296,11337712.174619768
3297,1135793.3994718143
3298,1135793.3994718143
3299,1135793.3994718143
3300,2087852.303231512
3301,1135793.3994718143
3302,10253260.834687935
3303,11189981.099720173
3304,1135793.3994718143
3305,1901268.953852261
3306,1135793.3994718143
3307,1135793.3994718143
3308,1135793.3994718143
3309,1918426.8205216818
3310,1274766.756844785
3311,1892056.8552770112
3312,1206940.5077781999
3313,2025201.7367873169
3314,1573982.5086442449
3315,1573982.5086442449
3316,1987729.5286038548
3317,1102967.2624506378
3318,1901268.953852261
3319,1804110.946615475
3320,1507032.0774030488
3321,6808105.567199479
3322,1641323.4286899462
3323,1135793.3994718143
3324,2197630.553542308
3325,6625105.162882106
3326,3471369.738840072
3327,2087852.303231512
3328,6509097.114103375
3329,1573982.5086442449
3330,1135793.3994718143
3331,6987740.016605476
3332,1163939.223657051
3333,1135793.3994718143
3334,8902324.88636947
3335,3471369.738840072
3336,1478886.2532178115
3337,5697009.142569772
3338,11826481.597090822
3339,2087852.303231512
3340,7077267.398385949
3341,1135793.3994718143
3342,1135793.3994718143
3343,2059706.4790462747
3344,1135793.3994718143
3345,2087852.303231512
3346,1478886.2532178115
3347,1987729.5286038548
3348,1901268.953852261
3349,1163939.223657051
3350,1326562.3282250904
3351,1135793.3994718143
3352,1987729.5286038548
3353,11409508.276669497
3354,3682047.6461987915
3355,2202168.1771377185
3356,1135793.3994718143
3357,1478886.2532178115
3358,3496347.4932655394
3359,1135793.3994718143
3360,1135793.3994718143
3361,2087852.303231512
3362,1959397.775322713
3363,1135793.3994718143
3364,1135793.3994718143
3365,1478886.2532178115
3366,1135793.3994718143
3367,1135793.3994718143
3368,2087852.303231512
3369,2125324.5114149745
3370,1478886.2532178115
3371,1987729.5286038548
3372,1783971.0558772949
3373,3364948.9030317888
3374,1135793.3994718143
3375,11409508.276669497
3376,1135793.3994718143
3377,2015875.352789092
3378,1697801.0061563249
3379,1716820.529727847
3380,1274766.756844785
3381,1478886.2532178115
3382,1135793.3994718143
3383,1808110.596893596
3384,2087852.303231512
3385,2033837.4174621564
3386,1135793.3994718143
3387,1478886.2532178115
3388,7412275.568841952
3389,2033837.4174621564
3390,1163939.223657051
3391,7505588.38569237
3392,6509097.114103375
3393,7104567.429460081
3394,2087852.303231512
3395,1135793.3994718143
3396,11477188.332244607
3397,11826481.597090822
3398,1834432.8080340405
3399,2015875.352789092
3400,1987729.5286038548
3401,2202168.1771377185
3402,1478886.2532178115
3403,1811916.78515428
3404,6521006.603722486
3405,6509097.114103375
3406,2087852.303231512
3407,1478886.2532178115
3408,1135793.3994718143
3409,2087852.303231512
3410,3955030.3131011976
3411,1573982.5086442449
3412,1135793.3994718143
3413,1135793.3994718143
3414,1135793.3994718143
3415,3602768.3290738226
3416,2015875.352789092
3417,1812116.8800625317
3418,2087852.303231512
3419,1135793.3994718143
3420,1779964.772708359
3421,1163939.223657051
3422,2197630.553542308
3423,3471369.738840072
3424,1478886.2532178115
3425,1135793.3994718143
3426,2015875.352789092
3427,1135793.3994718143
3428,1163939.223657051
3429,1230889.6548982472
3430,2015875.352789092
3431,6681594.555851314
3432,6674013.990329422
3433,1966886.9862209603
3434,1135793.3994718143
3435,1135793.3994718143
3436,3443223.914654835
3437,1848271.164557572
3438,2059706.4790462747
3439,2125324.5114149745
3440,9215484.137812193
3441,7696827.941483443
3442,1135793.3994718143
3443,6453060.165197742
3444,2087852.303231512
3445,1326562.3282250904
3446,1987543.5995079502
3447,2063706.1293243957
3448,2197630.553542308
3449,1716820.529727847
3450,3364948.9030317888
3451,3602768.3290738226
3452,1697801.0061563249
3453,1737775.6447243965
3454,1796960.5998505778
3455,6724171.865097374
3456,1892056.8552770112
3457,1478886.2532178115
3458,2059706.4790462747
3459,2015875.352789092
3460,2015875.352789092
3461,2239640.385321181
3462,3682047.6461987915
3463,1135793.3994718143
3464,2125324.5114149745
3465,1135793.3994718143
3466,7029015.992988288
3467,2239640.385321181
3468,2087852.303231512
3469,7771242.593223905
3470,3471369.738840072
3471,2024511.0334639312
3472,1825106.424035815
3473,1592841.1034775511
3474,2087852.303231512
3475,1135793.3994718143
3476,1796960.5998505778
3477,1507032.0774030488
3478,6967268.558060674
3479,1987543.5995079502
3480,1796960.5998505778
3481,1825106.424035815
3482,2053347.5609725541
3483,5600558.378137937
3484,1987543.5995079502
3485,2239640.385321181
3486,3496347.4932655394
3487,1579851.559504268
3488,1987729.5286038548
3489,1298230.5749439485
3490,1163939.223657051
3491,1901268.953852261
3492,1573982.5086442449
3493,1259035.4790834845
3494,1796960.5998505778
3495,1135793.3994718143
3496,3364948.9030317888
3497,6087344.982647972
3498,1298230.5749439485
3499,2000561.8863438838
3500,2129324.161693095
3501,2015875.352789092
3502,1478886.2532178115
3503,7187681.7674863115
3504,7313208.866626685
3505,6745507.73150537
3506,1825106.424035815
3507,9797667.532705735
3508,1478886.2532178115
3509,3403701.465491773
3510,1957674.8876457107
3511,1135793.3994718143
3512,1230889.6548982472
3513,1135793.3994718143
3514,11337712.174619768
3515,2091851.953509633
3516,2015875.352789092
3517,1987729.5286038548
3518,1135793.3994718143
3519,1230889.6548982472
3520,1135793.3994718143
3521,6720948.354603323
3522,2125324.5114149745
3523,1825106.424035815
3524,2015875.352789092
3525,2063706.1293243957
3526,2015875.352789092
3527,2053347.5609725541
3528,1669655.1819710876
3529,11826481.597090822
3530,1135793.3994718143
3531,1987543.5995079502
3532,1135793.3994718143
3533,1478886.2532178115
3534,1669469.2528751835
3535,8609936.70532567
3536,6709038.8649842115
3537,1135793.3994718143
3538,12410042.422828414
3539,1592841.1034775511
3540,1135793.3994718143
3541,2087852.303231512
3542,1996365.209278694
3543,1478886.2532178115
3544,2087852.303231512
3545,1135793.3994718143
3546,1478886.2532178115
3547,2015875.352789092
3548,2087852.303231512
3549,6762992.811921256
3550,1478886.2532178115
3551,8782649.008249324
3552,2091851.953509633
3553,1206940.5077781999
3554,1135793.3994718143
3555,7212333.817961117
3556,1326562.3282250904
3557,2091851.953509633
3558,1478886.2532178115
3559,1796960.5998505778
3560,1135793.3994718143
3561,1135793.3994718143
3562,1135793.3994718143
3563,1987543.5995079502
3564,1135793.3994718143
3565,1959397.775322713
3566,1135793.3994718143
3567,2059706.4790462747
3568,1163939.223657051
3569,1901268.953852261
3570,1163939.223657051
3571,1135793.3994718143
3572,1697801.0061563249
3573,6453060.165197742
3574,1135793.3994718143
3575,6158616.457526539
3576,1468823.9314082828
3577,2091851.953509633
3578,1135793.3994718143
3579,1796960.5998505778
3580,1135793.3994718143
3581,1135793.3994718143
3582,2015875.352789092
3583,1135793.3994718143
3584,1892056.8552770112
3585,1478886.2532178115
3586,1796960.5998505778
3587,1901268.953852261
3588,1135793.3994718143
3589,10777283.078247575
3590,1478886.2532178115
3591,1135793.3994718143
3592,2033837.4174621564
3593,1929414.7780374982
3594,1163939.223657051
3595,1929414.7780374982
3596,2025201.7367873169
3597,5541543.971733201
3598,1987729.5286038548
3599,1135793.3994718143
3600,1507032.0774030488
3601,1163939.223657051
3602,2091851.953509633
3603,1135793.3994718143
3604,2087852.303231512
3605,2091851.953509633
3606,1135793.3994718143
3607,1478886.2532178115
3608,1938741.1620357234
3609,2087852.303231512
3610,7079565.975627852
3611,2130191.226695298
3612,1507032.0774030488
3613,1929529.0634604737
3614,2061983.2416473932
3615,1135793.3994718143
3616,1478886.2532178115
3617,1507032.0774030488
3618,12410042.422828414
3619,2015875.352789092
3620,1478886.2532178115
3621,1617527.5972362242
3622,7505588.38569237
3623,1369863.0122712182
3624,1804110.946615475
3625,2239640.385321181
3626,1135793.3994718143
3627,6453060.165197742
3628,1834432.8080340405
3629,2015875.352789092
3630,1135793.3994718143
3631,2091851.953509633
3632,1135793.3994718143
3633,1135793.3994718143
3634,1326376.3991291858
3635,7197669.967009214
3636,1987729.5286038548
3637,1592841.1034775511
3638,8199088.182511729
3639,2087852.303231512
3640,1135793.3994718143
3641,1135793.3994718143
3642,1697801.0061563249
3643,3364948.9030317888
3644,3471369.738840072
3645,1135793.3994718143
3646,1135793.3994718143
3647,1135793.3994718143
3648,1326562.3282250904
3649,1478886.2532178115
3650,6447832.929895943
3651,7505588.38569237
3652,1103795.8288061572
3653,2015875.352789092
3654,1326562.3282250904
3655,1135793.3994718143
3656,1163939.223657051
3657,1478886.2532178115
3658,2167663.434878761
3659,2239640.385321181
3660,5781915.243260695
3661,2015875.352789092
3662,2091851.953509633
3663,2087852.303231512
3664,7505588.38569237
3665,2211494.561135944
3666,1987729.5286038548
3667,1687937.3589039843
3668,1579851.559504268
3669,1230889.6548982472
3670,1163939.223657051
3671,7191724.642056237
3672,2015875.352789092
3673,3875750.9959762306
3674,1135793.3994718143
3675,1825106.424035815
3676,12140112.91634815
3677,1163939.223657051
3678,1825106.424035815
3679,1103795.8288061572
3680,11826481.597090822
3681,1135793.3994718143
3682,3403701.465491773
3683,6489842.761674816
3684,2239640.385321181
3685,3471369.738840072
3686,7412275.568841952
3687,1135793.3994718143
3688,1592841.1034775511
3689,2015875.352789092
3690,1987729.5286038548
3691,1135793.3994718143
3692,1804110.946615475
3693,1369863.0122712182
3694,1103795.8288061572
3695,1135793.3994718143
3696,1230889.6548982472
3697,1135793.3994718143
3698,7505588.38569237
3699,1369863.0122712182
3700,7920495.237409038
3701,2087852.303231512
3702,1796960.5998505778
3703,1135793.3994718143
3704,1163939.223657051
3705,1478886.2532178115
3706,1103795.8288061572
3707,1796960.5998505778
3708,1135793.3994718143
3709,1812116.8800625317
3710,1274766.756844785
3711,2015875.352789092
3712,1592841.1034775511
3713,1478886.2532178115
3714,1135793.3994718143
3715,2239640.385321181
3716,6521006.603722486
3717,1135793.3994718143
3718,2087852.303231512
3719,6576853.757484445
3720,1163939.223657051
3721,1697801.0061563249
3722,2599512.8782282644
3723,1966886.9862209603
3724,1618907.971990568
3725,2113427.884179768
3726,1617527.5972362242
3727,1478886.2532178115
3728,3471369.738840072
3729,11921273.000357363
3730,1326562.3282250904
3731,2239640.385321181
3732,6509097.114103375
3733,3403701.465491773
3734,1135793.3994718143
3735,2015875.352789092
3736,1987729.5286038548
3737,2413034.1247837334
3738,2202168.1771377185
3739,6509097.114103375
3740,1929414.7780374982
3741,1478886.2532178115
3742,1135793.3994718143
3743,2167663.434878761
3744,1135793.3994718143
3745,1135793.3994718143
3746,1478886.2532178115
3747,2087852.303231512
3748,1326562.3282250904
3749,1135793.3994718143
3750,1326562.3282250904
3751,1163939.223657051
3752,1135793.3994718143
3753,1135793.3994718143
3754,1369863.0122712182
3755,12410042.422828414
3756,1135793.3994718143
3757,1890280.9963364447
3758,1163939.223657051
3759,1987729.5286038548
3760,9214106.706968142
3761,2087852.303231512
3762,9386819.009891797
3763,2125324.5114149745
3764,2015875.352789092
3765,3272302.8752580234
3766,1326562.3282250904
3767,11337712.174619768
3768,1796960.5998505778
3769,1103795.8288061572
3770,2015875.352789092
3771,1901268.953852261
3772,8825781.417556409
3773,9214106.706968142
3774,1573982.5086442449
3775,1135793.3994718143
3776,1135793.3994718143
3777,6955359.068441564
3778,1135793.3994718143
3779,7313208.866626685
3780,8298154.884726998
3781,1135793.3994718143
3782,1848271.164557572
3783,2033837.4174621564
3784,2087852.303231512
3785,1135793.3994718143
3786,1135793.3994718143
3787,2061983.2416473932
3788,1478886.2532178115
3789,2125324.5114149745
3790,1901268.953852261
3791,8267296.8030079175
3792,2132012.5211736085
3793,1135793.3994718143
3794,7795894.64369871
3795,1507032.0774030488
3796,1135793.3994718143
3797,1135793.3994718143
3798,2053347.5609725541
3799,1468823.9314082828
3800,1918426.8205216818
3801,6521006.603722486
3802,11064490.31077201
3803,2015875.352789092
3804,6521006.603722486
3805,1163939.223657051
3806,1135793.3994718143
3807,7505588.38569237
3808,7313208.866626685
3809,1573982.5086442449
3810,1687937.3589039843
3811,2015875.352789092
3812,1135793.3994718143
3813,11531129.016636275
3814,1163939.223657051
3815,8794558.497868434
3816,7305646.634811533
3817,7187681.7674863115
3818,1135793.3994718143
3819,12410042.422828414
3820,1135793.3994718143
3821,2087852.303231512
3822,7313208.866626685
3823,1669655.1819710876
3824,1478886.2532178115
3825,1478886.2532178115
3826,2091851.953509633
3827,1135793.3994718143
3828,1326562.3282250904
3829,1901268.953852261
3830,2053347.5609725541
3831,2015875.352789092
3832,6664911.405697688
3833,1135793.3994718143
3834,3321137.577577952
3835,2413034.1247837334
3836,1135793.3994718143
3837,1757881.3293635393
3838,1808110.596893596
3839,8364005.058737777
3840,2985619.490971175
3841,2167663.434878761
3842,2087852.303231512
3843,2197630.553542308
3844,7896769.692364278
3845,3602768.3290738226
3846,10606420.27398258
3847,1804110.946615475
3848,1135793.3994718143
3849,1135793.3994718143
3850,1135793.3994718143
3851,1478886.2532178115
3852,1697801.0061563249
3853,1369863.0122712182
3854,1135793.3994718143
3855,12410042.422828414
3856,1901268.953852261
3857,1163939.223657051
3858,5835771.728398478
3859,1326376.3991291858
3860,1868107.7081569638
3861,1737775.6447243965
3862,1354708.1524103272
3863,3364948.9030317888
3864,1274766.756844785
3865,1478886.2532178115
3866,11508574.978884764
3867,2015875.352789092
3868,1592841.1034775511
3869,1804110.946615475
3870,1163939.223657051
3871,2091851.953509633
3872,1579851.559504268
3873,2087852.303231512
3874,1550033.3615241975
3875,8623223.62578883
3876,2015875.352789092
3877,2015875.352789092
3878,1987543.5995079502
3879,6709038.8649842115
3880,1135793.3994718143
3881,2053347.5609725541
3882,2239640.385321181
3883,1163939.223657051
3884,6116606.625747667
3885,2129324.161693095
3886,7477988.025492655
3887,1369863.0122712182
3888,6955359.068441564
3889,1135793.3994718143
3890,9919020.339525724
3891,2015875.352789092
3892,2091851.953509633
3893,2015875.352789092
3894,1796960.5998505778
3895,1987543.5995079502
3896,1478886.2532178115
3897,2059706.4790462747
3898,1901268.953852261
3899,1369863.0122712182
3900,1199326.1470394817
3901,12140112.91634815
3902,2053347.5609725541
3903,2130191.226695298
3904,1712623.8526626576
3905,1369863.0122712182
3906,1987729.5286038548
3907,2015875.352789092
3908,2087852.303231512
3909,4920810.423045648
3910,2015875.352789092
3911,6608163.816318643
3912,2239640.385321181
3913,1987729.5286038548
3914,2087852.303231512
3915,1163939.223657051
3916,1298230.5749439485
3917,2239640.385321181
3918,1592841.1034775511
3919,1804110.946615475
3920,1987729.5286038548
3921,2087852.303231512
3922,1135793.3994718143
3923,1135793.3994718143
3924,9314550.84002746
3925,3471369.738840072
3926,1135793.3994718143
3927,1697801.0061563249
3928,11378121.63002934
3929,1163939.223657051
3930,2087852.303231512
3931,1478886.2532178115
3932,2087852.303231512
3933,2139517.6106935237
3934,1432872.26868424
3935,1641323.4286899462
3936,7920495.237409038
3937,1235086.3319634371
3938,1478886.2532178115
3939,3457899.6816163114
3940,6509097.114103375
3941,1959397.775322713
3942,1135793.3994718143
3943,2015875.352789092
3944,9035921.64726143
3945,1478886.2532178115
3946,2015875.352789092
3947,6639265.764406452
3948,1669655.1819710876
3949,1669469.2528751835
3950,6653001.916078577
3951,1135793.3994718143
3952,1274766.756844785
3953,3573431.3663456677
3954,1135793.3994718143
3955,2065176.3753553885
3956,3716206.5815572427
3957,2102045.402510061
3958,1135793.3994718143
3959,1987729.5286038548
3960,1959397.775322713
3961,1102967.2624506378
3962,1929529.0634604737
3963,1103795.8288061572
3964,2985619.490971175
3965,3048154.910675544
3966,3496347.4932655394
3967,2087852.303231512
3968,1918426.8205216818
3969,1135793.3994718143
3970,1230889.6548982472
3971,3272302.8752580234
3972,6395123.743536626
3973,1163939.223657051
3974,1478886.2532178115
3975,1135793.3994718143
3976,1199326.1470394817
3977,1573982.5086442449
3978,1987729.5286038548
3979,1996365.209278694
3980,2087852.303231512
3981,1135793.3994718143
3982,2063706.1293243957
3983,1135793.3994718143
3984,1478886.2532178115
3985,1135793.3994718143
3986,1804110.946615475
3987,1697801.0061563249
3988,1804110.946615475
3989,1369863.0122712182
3990,1369863.0122712182
