Id,Predicted
0,1838851.0
1,549657.0
2,519150.0
3,4243314.0
4,516069.0
5,2545846.0
6,623665.0
7,2777567.0
8,3333480.0
9,2581112.0
10,735114.0
11,620625.0
12,6337448.0
13,773889.0
14,414524.0
15,25632929.0
16,1358634.0
17,4917300.0
18,1795526.0
19,1659045.0
20,2716359.0
21,453839.0
22,714197.0
23,1280286.0
24,1918579.0
25,1724872.0
26,1363567.0
27,1118632.0
28,381289.0
29,8778787.0
30,5809395.0
31,3630841.0
32,516295.0
33,3627575.0
34,1266513.0
35,1463335.0
36,2163114.0
37,2110068.0
38,1563850.0
39,3804222.0
40,438967.0
41,1014094.0
42,872211.0
43,1267201.0
44,622394.0
45,705087.0
46,695550.0
47,6859450.0
48,2459565.0
49,2956501.0
50,2868709.0
51,1393489.0
52,944237.0
53,842959.0
54,3047827.0
55,9114388.0
56,3221721.0
57,3133074.0
58,23273801.0
59,523605.0
60,1772709.0
61,3995442.0
62,1107426.0
63,392749.0
64,7555168.0
65,546003.0
66,801805.0
67,17178209.0
68,1809137.0
69,1041363.0
70,3151100.0
71,758191.0
72,805425.0
73,407423.0
74,1414687.7333333332
75,764142.0
76,838242.0
77,921103.0
78,1930085.0
79,10190749.0
80,2349749.0
81,518849.0
82,2784762.0
83,617847.0
84,2192793.0
85,5126272.0
86,1407820.0
87,1814418.0
88,3405228.0
89,1554549.0
90,2863418.0
91,575980.0
92,575860.0
93,9134202.0
94,616201.0
95,2446357.0
96,2545846.0
97,1577389.0
98,1792059.0
99,1407820.0
100,4703532.0
101,1522019.0
102,3693627.0
103,1660585.0
104,1455025.0
105,985078.0
106,6436007.0
107,673003.0
108,672497.0
109,1292564.0
110,462267.0
111,3642284.0
112,5253812.0
113,373303.0
114,574222.0
115,1485832.0
116,3479142.0
117,592781.0
118,1233074.0
119,3482839.0
120,1961587.0
121,607150.0
122,2262085.0
123,2105539.0
124,713213.0
125,3700405.0
126,527545.0
127,895578.0
128,3908322.0
129,801334.0
130,1669615.0
131,870992.0
132,2010106.0
133,703723.0
134,6129904.0
135,898062.0
136,639391.0
137,2360946.0
138,530633.0
139,1165626.0
140,3137878.0
141,923180.0
142,4514506.0
143,2109149.0
144,605169.0
145,1838284.0
146,862657.0
147,401557.0
148,786172.0
149,443739.0
150,3476859.0
151,4408271.0
152,809793.0
153,1393489.0
154,5282789.0
155,2723868.0
156,1621501.0
157,4559573.0
158,8509305.0
159,1237124.0
160,516051.0
161,741004.0
162,1419250.0
163,1367088.0
164,2913894.0
165,576776.0
166,21959973.0
167,4337220.0
168,12540290.0
169,1207415.0
170,5095459.0
171,446037.0
172,382337.0
173,2613129.0
174,8982687.0
175,593463.0
176,2060477.0
177,3112177.0
178,602003.0
179,4188643.0
180,4759782.0
181,987230.0
182,609092.0
183,390792.0
184,598600.0
185,1627744.0
186,585254.0
187,8028019.0
188,2431080.0
189,1468388.0
190,748537.0
191,702188.0
192,596047.0
193,609030.0
194,988023.0
195,2220382.0
196,2732557.0
197,1490774.0
198,1180243.0
199,3799460.0
200,8687700.0
201,1139260.0
202,1395868.0
203,603751.0
204,726629.0
205,12064878.0
206,520002.0
207,9174753.0
208,1747999.0
209,831934.0
210,557841.0
211,2749318.0
212,4514506.0
213,502356.0
214,1547034.0
215,341320.0
216,1010747.0
217,2828003.0
218,979884.0
219,5887699.0
220,3936358.0
221,1948556.0
222,893361.0
223,1943424.0
224,2864899.0
225,2382404.0
226,521428.0
227,729624.0
228,2395512.0
229,1577308127.0
230,593987.0
231,1176760.0
232,1725930.0
233,1547008.0
234,1001854.0
235,3068333.0
236,12479475.0
237,1545873.0
238,1684965.0
239,4044146.0
240,468370.0
241,574262.0
242,735483.0
243,4186334.0
244,393476.0
245,1408196.0
246,19307305.0
247,637519.0
248,990944.0
249,1455025.0
250,1980657.0
251,1418451.0
252,22230398.0
253,1365577.0
254,607715.0
255,14110187.0
256,9205012.0
257,2566150.0
258,2150991.0
259,1030420.0
260,6492000.0
261,6705883.0
262,1670759.0
263,1875215.0
264,522151.0
265,3339857.0
266,2101999.0
267,975952.0
268,983543.0
269,6601502.0
270,821033.0
271,671297.0
272,397528.0
273,798994.0
274,1970259.0
275,1281052.0
276,3741161.0
277,624401.0
278,2441593.0
279,557339.0
280,828074.0
281,686850.0
282,928317.0
283,1167815.0
284,650337.0
285,6064372.0
286,3845352.0
287,2412646.0
288,1282006.0
289,974718.0
290,1300386.0
291,374577.0
292,452960.0
293,735575.0
294,13349972.0
295,565974.0
296,5208393.0
297,19873139.0
298,707322.0
299,3122184.0
300,1516132.0
301,729932.0
302,384756.0
303,3458782.0
304,15301169.0
305,1969787.0
306,3693814.0
307,8032553.0
308,1714296.0
309,2877746.0
310,3040296.0
311,1988905.0
312,944785.0
313,348904.0
314,2352810.0
315,2258240.0
316,2475629.0
317,4262132.0
318,2353758.0
319,1080234.0
320,1432868.0
321,5037713.0
322,551696.0
323,873477.0
324,505412.0
325,5420206.0
326,617068.0
327,1007418.0
328,543238.0
329,562546.0
330,3258959.0
331,541139.0
332,8620832.0
333,7365952.0
334,859352.0
335,1731715.0
336,524737.0
337,1197778.0
338,2459565.0
339,1390131.0
340,472196.0
341,1335978.0
342,624991.0
343,2857907.0
344,1118959.0
345,683947.0
346,2032178.0
347,3486553.0
348,2984551.0
349,1519091.0
350,517945.0
351,2984551.0
352,3554311.0
353,1331265.0
354,1708525.0
355,4569758.0
356,1892547.0
357,3077030.0
358,2554878.0
359,524320.0
360,1184736.0
361,3681558.0
362,2688608.0
363,2591194.0
364,973501.0
365,1866988.0
366,635031.0
367,8724753.0
368,2040548.0
369,5698954.0
370,627364.0
371,2476487.0
372,370745.0
373,10268041.0
374,2111961.0
375,3808211.0
376,1505740.0
377,5548275.0
378,2724724.0
379,435294.0
380,366500.0
381,6278125.0
382,1633122.0
383,837263.0
384,890375.0
385,578481.0
386,1161880.0
387,6844482.0
388,582445.0
389,382443.0
390,1763761.0
391,568929.0
392,2500422.0
393,920536.0
394,4289181.0
395,8985182.0
396,508702.0
397,2319073.0
398,1065699.0
399,1103111.0
400,3091439.0
401,489056.0
402,660903.0
403,1524115.0
404,2552279.0
405,1754539.0
406,768721.0
407,751045.0
408,2476487.0
409,1577389.0
410,2935334.0
411,598110.0
412,1184736.0
413,590247.0
414,9798809.0
415,976128.0
416,1164187.0
417,2151461.0
418,7945738.0
419,377737.0
420,2007146.0
421,404829.0
422,518810.0
423,2593504.0
424,1619980.0
425,8008208.0
426,6246415.0
427,2660694.0
428,1891976.0
429,3169151.0
430,774233.0
431,857292.0
432,478007.0
433,944746.0
434,895395.0
435,2997400.0
436,19122321.0
437,651378.0
438,620109.0
439,6097468.0
440,648520.0
441,5956714.0
442,2034856.0
443,4200729.0
444,629382.0
445,2927077.0
446,372331.0
447,8007825.0
448,2040548.0
449,371629.0
450,1240094.0
451,2438916.0
452,408116.0
453,1230904.0
454,546849.0
455,842905.0
456,9733499.0
457,694335.0
458,4852692.0
459,548443.0
460,445479.0
461,1703767.0
462,3586005.0
463,788089.0
464,620185.0
465,2098285.0
466,4559573.0
467,1312310.0
468,1361985.0
469,2240957.0
470,911972.0
471,635588.0
472,693206.0
473,2384109.0
474,2218548.0
475,769029.0
476,632578.0
477,469960.0
478,3363864.0
479,846944.0
480,939818.0
481,682023.0
482,1394430.0
483,3112177.0
484,2950107.0
485,7433107.0
486,581736.0
487,522893.0
488,8927618.0
489,2132903.0
490,736366.0
491,12646305.0
492,8251236.0
493,7347155.0
494,1219570.0
495,5818480.0
496,981100.0
497,396658.0
498,2275779.0
499,1556232.0
500,842828.0
501,1064927.0
502,1477730.0
503,1868696.0
504,10077415.0
505,1352465.0
506,1388757.0
507,41888131.0
508,3190739.0
509,1868491.0
510,3748552.0
511,371500.0
512,321740.0
513,1848282.0
514,3845672.0
515,2843175.0
516,1916033.0
517,487040.0
518,969601.0
519,1583627.0
520,8732509.0
521,2480429.0
522,514452.0
523,1536429.0
524,385246.0
525,6568429.0
526,1256164.0
527,3053906.0
528,15153402.0
529,4587744.0
530,899109.0
531,518488.0
532,5926247.0
533,1603927.0
534,684974.0
535,626958.0
536,1471294.0
537,6219619.0
538,8786707.0
539,935775.0
540,5996525.0
541,764028.0
542,1244683.0
543,1630003.0
544,557400.0
545,359091.0
546,1639611.0
547,468066.0
548,1176760.0
549,594774.0
550,1194638.0
551,1023621.0
552,892575.0
553,12650988.0
554,1094100.0
555,15785991.0
556,3217970.0
557,2299483.0
558,3496935.0
559,1400196.0
560,2040548.0
561,2432716.0
562,1434503.0
563,4782777.0
564,2537428.0
565,476496.0
566,1668482.0
567,6521883.0
568,6065585.0
569,1860745.0
570,491780.0
571,784235.0
572,627455.0
573,5859681.0
574,3200488.0
575,3114609.0
576,1081077.0
577,1775577.0
578,1168485.0
579,1300866.0
580,514665.0
581,818530.0
582,1293455.0
583,3660226.0
584,8024478.0
585,3006714.0
586,1843790.0
587,1367100.0
588,4247681.0
589,5001287.0
590,6988797.0
591,465887.0
592,8993688.0
593,900526.0
594,2574102.0
595,1751553.0
596,2279780.0
597,1124103.0
598,1859954.0
599,625369.0
600,1843787.0
601,1240931.0
602,1931326.0
603,6137564.0
604,3773740.0
605,963483.0
606,628930.0
607,1035516.0
608,5822497.0
609,5195548.0
610,1519393.0
611,4238344.0
612,4818470.0
613,4690935.0
614,2743764.0
615,5889031.0
616,1163401.0
617,3150553.0
618,1890768.0
619,2227401.0
620,2824329.0
621,3181155.0
622,1332667.0
623,19251510.0
624,731711.0
625,1200121.0
626,433137.0
627,1713853.0
628,1080535.0
629,469683.0
630,2578663.0
631,11570236.0
632,1722149.0
633,411577.0
634,1450397.0
635,2123469.0
636,1704945.0
637,740630.0
638,1241678.0
639,3427223.0
640,1034588.0
641,1870436.0
642,433075.0
643,2385701.0
644,3205719.0
645,647765.0
646,1759667.0
647,1443535.0
648,7927328.0
649,2181699.0
650,3006455.0
651,666030.0
652,796795.0
653,5387746.0
654,4262132.0
655,580468.0
656,925725.0
657,1643411.0
658,1229809.0
659,2539834.0
660,6321177.0
661,1490355.0
662,838978.0
663,4511583.0
664,545158.0
665,4339504.0
666,613053.0
667,5640339.0
668,2090142.0
669,9542428.0
670,4241456.0
671,5506996.0
672,2054091.0
673,8251236.0
674,2964049.0
675,677167.0
676,1393489.0
677,476687.0
678,713611.0
679,884900.0
680,7490628.0
681,2554103.0
682,372632.0
683,2897301.0
684,3635510.0
685,4247681.0
686,3357779.0
687,2798079.0
688,14461322.0
689,1617972.0
690,1371080.0
691,649281.0
692,5147784.0
693,1680932.0
694,14152514.0
695,913877.0
696,2395411.0
697,1746985.0
698,3239139.0
699,735099.0
700,829469.0
701,1240701.0
702,2034799.0
703,3250167.0
704,1660585.0
705,861325.0
706,1096700.0
707,1342000.0
708,2186312.0
709,1085700.0
710,2558471.0
711,1576903.0
712,1721338.0
713,1231042.0
714,13453980.0
715,537776.0
716,386331.0
717,888171.0
718,695810.0
719,2459565.0
720,446782.0
721,2480429.0
722,3110535.0
723,4638358.0
724,1828986.0
725,633742.0
726,11151215.0
727,505072.0
728,16639980.0
729,920117.0
730,1385825.0
731,769718.0
732,5502284.0
733,2964049.0
734,2380769.0
735,1638538.0
736,282408.0
737,734315.0
738,374567.0
739,2446357.0
740,8990193.0
741,1367100.0
742,4003290.0
743,1664207.0
744,18605140.0
745,1577085.0
746,3741161.0
747,974614.0
748,890620.0
749,4247681.0
750,333809.0
751,1894106.0
752,1641675.0
753,385921.0
754,8563158.0
755,1491250.0
756,2857774.0
757,884288.0
758,3541523.0
759,53394948.0
760,753988.0
761,1053881.0
762,779527.0
763,1041661.0
764,1692109.0
765,2327868.0
766,1803527.0
767,2012935.0
768,3994171.0
769,3099371.0
770,4464899.0
771,515320.0
772,2524807.0
773,447048.0
774,764161.0
775,2024363.0
776,7307963.0
777,3698155.0
778,2290984.0
779,403200.0
780,581276.0
781,1200067.0
782,2475629.0
783,670968.0
784,974718.0
785,513824.0
786,1816715.0
787,2432530.0
788,16632900.0
789,2109875.0
790,389970.0
791,966606.0
792,3223963.0
793,1928928.0
794,634560.0
795,1004080.0
796,1088087.0
797,1335452.0
798,2723868.0
799,713940.0
800,965833.0
801,1266342.0
802,1853497.0
803,1553913.0
804,16614731.0
805,9122589.0
806,3930416.0
807,14673162.0
808,4056816.0
809,382138.0
810,7806490.0
811,3648369.0
812,1038975.0
813,5275554.0
814,3433917.0
815,621278.0
816,2004465.0
817,625917.0
818,576494.0
819,840397.0
820,1327662.0
821,776769.0
822,766976.0
823,971577.0
824,2983883.0
825,4161453.0
826,623730.0
827,3129595.0
828,3753482.0
829,1517641.0
830,3291651.0
831,1834236.0
832,6729715.0
833,3451185.0
834,1109335.0
835,2545846.0
836,3763452.0
837,1295437.0
838,3135064.0
839,2803134.0
840,1436700.0
841,723379.0
842,615813.0
843,1159025.0
844,2122479.0
845,379536.0
846,4560478.0
847,2476487.0
848,8496634.0
849,9094948.0
850,755881.0
851,395316.0
852,1022544.0
853,1236108.0
854,1945475.0
855,467235.0
856,1226095.0
857,2115182.0
858,1606237.0
859,4137971.0
860,4904043.0
861,2462460.0
862,606298.0
863,1414053.0
864,2799859.0
865,442380.0
866,8985182.0
867,751398.0
868,946496.0
869,3355292.0
870,1967486.0
871,2498452.0
872,8355148.0
873,778628.0
874,719933.0
875,2233843.0
876,427657.0
877,18653137.0
878,1199248.0
879,4295139.0
880,969356.0
881,773671.0
882,966036.0
883,593385.0
884,2028500.0
885,399513.0
886,910909.0
887,1693385.0
888,770273.0
889,1831402.0
890,501821.0
891,9861289.0
892,1828964.0
893,876702.0
894,668027.0
895,587061.0
896,6720938.0
897,6829604.0
898,5299771.0
899,2326633.0
900,10217364.0
901,382134.0
902,10994663.0
903,1223824.0
904,456674.0
905,3808807.0
906,624456.0
907,1865210.0
908,652930.0
909,5711876.0
910,2355245.0
911,3650152.0
912,2053106.0
913,632698.0
914,4545574.0
915,6949338.0
916,1992968.0
917,656451.0
918,755891.0
919,659387.0
920,381935.0
921,8959755.0
922,5126272.0
923,739193.0
924,6872704.0
925,3387265.0
926,934379.0
927,21074825.0
928,1854181.0
929,2045775.0
930,3627575.0
931,1142487.0
932,523861.0
933,11356638.0
934,7836243.0
935,1139489.0
936,1631601.0
937,4724542.0
938,1043729.0
939,2177482.0
940,893958.0
941,732497.0
942,3169151.0
943,3100991.0
944,1478758.0
945,4128480.0
946,651959.0
947,3750087.0
948,1396464.0
949,1806706.0
950,399329.0
951,340633.0
952,1031362.0
953,1409311.0
954,2593504.0
955,4532593.0
956,885893.0
957,6671681.0
958,532599.0
959,734098.0
960,12853326.0
961,394832.0
962,3285693.0
963,607817.0
964,2926485.0
965,4467386.0
966,7864244.0
967,2407145.0
968,1006877.0
969,615918.0
970,1449174.0
971,2498137.0
972,2395411.0
973,1246816.0
974,1659066.0
975,602650.0
976,599287.0
977,1480233.0
978,3298688.0
979,4413844.0
980,2731643.0
981,1863605.0
982,1273909.0
983,2382404.0
984,1410998.0
985,8595608.0
986,9533712.0
987,1199248.0
988,624510.0
989,1722116.0
990,455971.0
991,2326042.0
992,441526.0
993,518365.0
994,3130725.0
995,2382658.0
996,16951922.0
997,12481791.0
998,2456132.0
999,3005413.0
1000,2378221.0
1001,1775341.0
1002,850161.0
1003,1621522.0
1004,468995.0
1005,3732906.0
1006,10195122.0
1007,7539816.0
1008,774851.0
1009,1296256.0
1010,1316987.0
1011,1408796.2
1012,4776907.0
1013,460854.0
1014,1743004.0
1015,703993.0
1016,1617972.0
1017,851976.0
1018,875541.0
1019,7348756.0
1020,838083.0
1021,1347768.0
1022,3349394.0
1023,1807835.0
1024,1507765.0
1025,466884.0
1026,4938098.0
1027,2613129.0
1028,4105540.0
1029,1494411.0
1030,14053878.0
1031,1835772.0
1032,2098355.0
1033,874859.0
1034,2498452.0
1035,12470535.0
1036,3253390.0
1037,556041.0
1038,11455540.0
1039,4412637.0
1040,7582402.0
1041,475098.0
1042,561334.0
1043,481531.0
1044,3187378.0
1045,2045775.0
1046,1988063.0
1047,955134.0
1048,2056764.0
1049,2763774.0
1050,3742455.0
1051,689060.0
1052,3349394.0
1053,639115.0
1054,6888772.6
1055,4685314.0
1056,92419426.0
1057,464148.0
1058,1794400.0
1059,8471201.0
1060,476496.0
1061,1448376.0
1062,1203999.0
1063,763183.0
1064,464666.0
1065,811273.0
1066,4763209.0
1067,1821441.0
1068,1679074.0
1069,1271205.0
1070,1698621.0
1071,819671.0
1072,2380769.0
1073,3559357.0
1074,1186052.0
1075,955716.0
1076,1896214.0
1077,743845.0
1078,1784518.0
1079,1642418.0
1080,1521797.0
1081,6965262.0
1082,5985081.0
1083,582391.0
1084,4782777.0
1085,1104963.0
1086,4157370.0
1087,1775577.0
1088,40370568.0
1089,584680.0
1090,741125.0
1091,8701581.0
1092,2927077.0
1093,1623454.0
1094,5856582.0
1095,402536.0
1096,1872599.0
1097,1767539.0
1098,1070363.0
1099,2549685.0
1100,557552.0
1101,879485.0
1102,2393262.0
1103,1779673.0
1104,794285.0
1105,1088087.0
1106,348687.0
1107,2698893.0
1108,4864459.0
1109,2833693.0
1110,1538773.0
1111,1895992.0
1112,3700249.0
1113,5264073.0
1114,5711876.0
1115,768992.0
1116,1051497.0
1117,2254850.0
1118,1024407.0
1119,2936357.0
1120,1273191.0
1121,2523044.0
1122,807455.0
1123,6740322.0
1124,588376.0
1125,3111564.0
1126,526750.0
1127,3218616.0
1128,1376584.0
1129,2888042.0
1130,1607262.0
1131,1295860.0
1132,3199603.0
1133,3253390.0
1134,1141141.0
1135,8985182.0
1136,3188230.0
1137,624980.0
1138,998315.0
1139,509369.0
1140,4185472.0
1141,12299364.0
1142,5506824.0
1143,1910077.0
1144,698490.0
1145,1374983.0
1146,581500.0
1147,1677340.0
1148,415752.0
1149,8609147.0
1150,1224969.0
1151,1725930.0
1152,454770.0
1153,3158921.0
1154,1180001.0
1155,4238344.0
1156,2139762.0
1157,1227480.0
1158,1704796.0
1159,1904521.0
1160,1210531.0
1161,1348502.0
1162,622676.0
1163,4990667.0
1164,1983294.0
1165,898062.0
1166,3627575.0
1167,946469.0
1168,4175330.0
1169,1128946.0
1170,4846512.0
1171,7619919.0
1172,341912.0
1173,1291352.0
1174,511824.0
1175,450105.0
1176,955599.0
1177,1314936.0
1178,1378491.0
1179,4246434.0
1180,1021237.0
1181,19036571.0
1182,2118173.0
1183,497503.0
1184,2964049.0
1185,10025233.0
1186,802771.0
1187,5909227.0
1188,2554103.0
1189,412057.0
1190,8360352.0
1191,972061.0
1192,3424211.0
1193,2789106.0
1194,784253.0
1195,577789.0
1196,753424.0
1197,2151461.0
1198,854682.0
1199,804124.0
1200,744301.0
1201,934489.0
1202,1206448.0
1203,1410329.0
1204,365797.0
1205,1526987.0
1206,2478928.0
1207,4137971.0
1208,1070176.0
1209,927641.0
1210,4448693.0
1211,816230.0
1212,3617631.0
1213,3904212.0
1214,3119052.0
1215,2014072.0
1216,3169151.0
1217,711282.0
1218,539788.0
1219,1666942.0
1220,485528.0
1221,837040.0
1222,2008475.0
1223,413309.0
1224,3046646.0
1225,1405343.0
1226,902582.0
1227,2473634.0
1228,5070286.0
1229,12299364.0
1230,3745710.0
1231,3250167.0
1232,6561229.0
1233,3349394.0
1234,2938241.0
1235,2855652.0
1236,874849.0
1237,8995061.0
1238,2933076.0
1239,3006455.0
1240,3800774.0
1241,1930276.0
1242,3960871.0
1243,399232.0
1244,845739.0
1245,2793507.0
1246,1895992.0
1247,3298688.0
1248,2168085.0
1249,2228224.0
1250,13803946.0
1251,1632413.0
1252,534081.0
1253,508665.0
1254,1163453.0
1255,710829.0
1256,1929684.0
1257,2824329.0
1258,8993688.0
1259,8652564.0
1260,2706360.0
1261,18894792.0
1262,1288330.0
1263,3902143.0
1264,1537101.0
1265,366448.0
1266,509897.0
1267,7621522.0
1268,8084118.0
1269,1722116.0
1270,6496715.0
1271,931375.0
1272,1291339.0
1273,1530709.0
1274,1393489.0
1275,18790091.0
1276,1764694.0
1277,2040548.0
1278,1525204.0
1279,518387.0
1280,2532496.0
1281,2151461.0
1282,1656711.0
1283,872882.0
1284,1513602.0
1285,472299.0
1286,1067814.0
1287,2169788.0
1288,11448110.0
1289,766976.0
1290,1314700.0
1291,3271793.0
1292,881307.0
1293,6493497.0
1294,2032487.0
1295,2109149.0
1296,1202883.0
1297,851341.0
1298,1144726.0
1299,4117841.0
1300,682583.0
1301,1035681.0
1302,707035.0
1303,9911429.0
1304,17093467.0
1305,787799.0
1306,1386879.0
1307,4239669.0
1308,3724042.0
1309,1836285.0
1310,457902.0
1311,2864707.0
1312,3699228.0
1313,2187390.0
1314,10072581.0
1315,10777786.0
1316,536139.0
1317,2668755.0
1318,1423766.0
1319,4780389.0
1320,1376784.0
1321,1738720.0
1322,1599425.0
1323,617514.0
1324,611883.0
1325,3403687.0
1326,5126272.0
1327,1682891.0
1328,407365.0
1329,639868.0
1330,8498700.0
1331,8136561.0
1332,817406.0
1333,2557962.0
1334,10219113.0
1335,676831.0
1336,1824549.0
1337,14506142.0
1338,494294.0
1339,764355.0
1340,3354796.0
1341,576730.0
1342,504851.0
1343,2841302.0
1344,1097117.0
1345,4684931.0
1346,3137450.0
1347,1624826.0
1348,2495618.0
1349,625199.0
1350,3627575.0
1351,6076568.0
1352,23540699.0
1353,374567.0
1354,914870.0
1355,704401.0
1356,2249593.0
1357,2391670.0
1358,1754655.0
1359,2897035.0
1360,592885.0
1361,3658054.0
1362,1558110.0
1363,1125045.0
1364,1587320.0
1365,1169515.0
1366,2461259.0
1367,1823997.0
1368,1353288.0
1369,13801653.0
1370,2262085.0
1371,601320.0
1372,602403.0
1373,808498.0
1374,1768900.0
1375,1804878.0
1376,2955932.0
1377,3045230.0
1378,2611047.0
1379,623091.0
1380,440352.0
1381,755202.0
1382,1936558.0
1383,360065.0
1384,1677561.0
1385,745438.0
1386,987045.0
1387,6007029.0
1388,805993.0
1389,2416984.0
1390,1671308.0
1391,746975.0
1392,710875.0
1393,1927420.0
1394,1814769.0
1395,1350787.0
1396,2656458.0
1397,4524277.0
1398,613535.0
1399,1523280.0
1400,850509.0
1401,1413076.0
1402,1414959.0
1403,3170723.0
1404,912463.0
1405,1817844.0
1406,1141141.0
1407,4325815.0
1408,1294228.0
1409,2513867.0
1410,1214678.0
1411,1694389.0
1412,587802.0
1413,5463432.0
1414,779016.0
1415,6748691.0
1416,3343698.0
1417,627485.0
1418,2416974.0
1419,3634938.0
1420,8032805.0
1421,401674.0
1422,1722116.0
1423,4219318.0
1424,428404.0
1425,1905669.0
1426,1643186.0
1427,429083.0
1428,2933926.0
1429,2392194.0
1430,1540038.0
1431,762525.0
1432,697224.0
1433,5682820.0
1434,3877541.0
1435,3249154.0
1436,1220924.0
1437,3849648.0
1438,410025.0
1439,1799911.0
1440,1478440.0
1441,1256645.0
1442,841510.0
1443,1894251.0
1444,2078379.0
1445,621177.0
1446,1764287.0
1447,863287.0
1448,524247.0
1449,2749318.0
1450,4213861.0
1451,811550.0
1452,5196614.0
1453,1641473.0
1454,24678177.0
1455,894782.0
1456,537493.0
1457,1290362.0
1458,3424211.0
1459,5166704.0
1460,849243.0
1461,508592.0
1462,1841843.0
1463,2613129.0
1464,1765383.0
1465,1542234.0
1466,901478.0
1467,1438226.0
1468,14493491.0
1469,494471.0
1470,1282292.0
1471,3436471.0
1472,1174767.0
1473,817647.0
1474,1584551.0
1475,1353379.0
1476,835017.0
1477,1276698.0
1478,3375869.0
1479,1897805.0
1480,675221.0
1481,12402121.0
1482,604444.0
1483,3215554.0
1484,2394404.0
1485,405789.0
1486,480953.0
1487,600675.0
1488,1497215.0
1489,502700.0
1490,3330453.0
1491,1017663.0
1492,2723868.0
1493,5037524.0
1494,7872829.0
1495,1176760.0
1496,1868566.0
1497,6018901.0
1498,1098527.0
1499,895481.0
1500,1988063.0
1501,1722149.0
1502,1943851.0
1503,416102.0
1504,6299393.0
1505,5683327.0
1506,722380.0
1507,842859.0
1508,2562007.0
1509,4411313.0
1510,3808659.0
1511,741352.0
1512,2230806.0
1513,4941414.0
1514,4414629.0
1515,787153.0
1516,5558017.0
1517,2315131.0
1518,395497.0
1519,1163694.0
1520,2840883.0
1521,3121541.0
1522,2409927.0
1523,3298018.0
1524,2251878.0
1525,6507164.0
1526,687514.0
1527,1436700.0
1528,5711876.0
1529,1569295.0
1530,2646950.0
1531,618718.0
1532,600472.0
1533,819045.0
1534,461562.0
1535,978164.0
1536,866334.0
1537,1616866.0
1538,617230.0
1539,475490.0
1540,9348675.0
1541,683000.0
1542,3436471.0
1543,923931.0
1544,2642609.0
1545,12827109.0
1546,2480429.0
1547,9774532.0
1548,396884.0
1549,3240659.0
1550,1008168.0
1551,6959363.0
1552,584451.0
1553,843003.0
1554,4227746.0
1555,10516056.0
1556,732144.0
1557,1739162.0
1558,3599883.0
1559,2402643.0
1560,3150553.0
1561,1794400.0
1562,582329.0
1563,1431029.0
1564,574870.0
1565,4880011.0
1566,3839076.0
1567,1488295.0
1568,2494120.0
1569,568583.0
1570,1198744.0
1571,824756.0
1572,2325609.0
1573,3959115.0
1574,842828.0
1575,8068158.0
1576,337791.0
1577,1241620.0
1578,855977.0
1579,3122184.0
1580,2554103.0
1581,3627575.0
1582,4765830.0
1583,1378932.0
1584,1898507.0
1585,3000615.0
1586,2736503.0
1587,3763452.0
1588,2650213.0
1589,664338.0
1590,3795744.0
1591,731018.0
1592,371154.0
1593,18543987.0
1594,813075.0
1595,1390596.0
1596,4374790.0
1597,6248318.0
1598,604150.0
1599,3352089.0
1600,1325700.0
1601,21340464.0
1602,1898136.0
1603,2961268.0
1604,2207378.0
1605,2380769.0
1606,437739.0
1607,703600.0
1608,1580019.0
1609,2085730.0
1610,3183224.0
1611,25881717.0
1612,2527284.0
1613,726202.0
1614,1540786.0
1615,572471.0
1616,444195.0
1617,3610291.0
1618,3639449.0
1619,618760.0
1620,746975.0
1621,3621925.0
1622,7747138.0
1623,2000490.0
1624,1314700.0
1625,8655357.0
1626,2935765.0
1627,6299235.0
1628,711933.0
1629,1631773.0
1630,1074886.0
1631,3327320.0
1632,447825.0
1633,2180307.0
1634,10668815.0
1635,14227319.0
1636,704428.0
1637,1562618.0
1638,9895438.0
1639,705961.0
1640,2064360.0
1641,3005413.0
1642,4436290.0
1643,516366.0
1644,711047.0
1645,1240566.0
1646,1335583.0
1647,877478.0
1648,2704750.0
1649,4313888.0
1650,4876711.0
1651,526496.0
1652,1297346.0
1653,1899625.0
1654,859352.0
1655,1399611.0
1656,687305.0
1657,3451941.0
1658,895699.0
1659,1433232.0
1660,2374508.0
1661,1827734.0
1662,407474.0
1663,21746841.0
1664,677331.0
1665,1828087.0
1666,3800774.0
1667,487596.0
1668,2730129.0
1669,1832253.0
1670,22021671.0
1671,962778.0
1672,2632986.0
1673,1320198.0
1674,4422654.0
1675,13324542.0
1676,887170.0
1677,457393.0
1678,1718148.0
1679,3264487.0
1680,1818255.0
1681,1275023.0
1682,485967.0
1683,1551577.0
1684,721426.0
1685,986567.0
1686,3073761.0
1687,1205104.0
1688,1645465.0
1689,1615485.0
1690,672703.0
1691,1121416.0
1692,2395411.0
1693,8360352.0
1694,3667279.0
1695,16744938.0
1696,860971.0
1697,694523.0
1698,2853010.0
1699,1024155.0
1700,8247585.0
1701,6262153.0
1702,4757044.0
1703,1828087.0
1704,506152.0
1705,5682820.0
1706,991643.0
1707,684258.0
1708,1351506.0
1709,1832334.0
1710,524529.0
1711,3813116.0
1712,613223.0
1713,2842320.0
1714,5937575.0
1715,728885.0
1716,706141.0
1717,1244683.0
1718,448689.0
1719,4824937.0
1720,2813024.0
1721,1857785.0
1722,790745.0
1723,602041.0
1724,876808.0
1725,2547551.0
1726,693851.0
1727,3253390.0
1728,8993688.0
1729,487440.0
1730,1577389.0
1731,1979220.0
1732,2339642.0
1733,2650627.0
1734,596962.0
1735,1874336.0
1736,865246.0
1737,958050.0
1738,8995061.0
1739,543227.0
1740,3112177.0
1741,3520570.0
1742,1393489.0
1743,10348716.0
1744,1749953.0
1745,1985746.0
1746,2616520.0
1747,930749.0
1748,3122184.0
1749,646871.0
1750,621621.0
1751,1505543.0
1752,897662.0
1753,3473408.0
1754,8360548.0
1755,2335460.0
1756,2262085.0
1757,2973901.0
1758,1740007.0
1759,816669.0
1760,589594.0
1761,3175375.0
1762,808242.0
1763,855977.0
1764,1241678.0
1765,1905564.0
1766,821177.0
1767,1293558.0
1768,1524700.0
1769,1829524.0
1770,8547246.0
1771,8481003.0
1772,16451964.0
1773,1602665.0
1774,1313798.0
1775,441436.0
1776,548974.0
1777,1614218.0
1778,989918.0
1779,1249277.0
1780,2385701.0
1781,431801.0
1782,2168431.0
1783,4458749.0
1784,1453628.0
1785,3169151.0
1786,450625.0
1787,776071.0
1788,591814.0
1789,1505222.0
1790,965369.0
1791,1201738.0
1792,741410.0
1793,783539.0
1794,472569.0
1795,2689904.0
1796,5109815.0
1797,4858962.0
1798,585437.0
1799,7351601.0
1800,596659.0
1801,4826193.0
1802,488027.0
1803,1722484.0
1804,4486923.0
1805,1856215.0
1806,3910762.0
1807,1250236.0
1808,601058.0
1809,3667383.0
1810,821211.0
1811,1615998.0
1812,8403382.0
1813,441298.0
1814,545158.0
1815,12681291.0
1816,361935.0
1817,3062987.0
1818,1164187.0
1819,14383336.0
1820,1577389.0
1821,1390596.0
1822,589713.0
1823,8985182.0
1824,772532.0
1825,399148.0
1826,6902127.0
1827,1673945.0
1828,2473625.0
1829,830011.0
1830,5703925.0
1831,688643.0
1832,10602700.0
1833,1581521.0
1834,3021496.0
1835,416139.0
1836,1469440.0
1837,952527.0
1838,411337.0
1839,1408196.0
1840,428034.0
1841,2406367.0
1842,829543.0
1843,1926855.0
1844,851322.0
1845,3698636.0
1846,2438468.0
1847,545313.0
1848,2823366.0
1849,2425928.0
1850,2419165.0
1851,3621925.0
1852,3177959.0
1853,1277266.0
1854,660479.0
1855,356072.0
1856,853945.0
1857,4644921.0
1858,576102.0
1859,2422437.0
1860,638717.0
1861,1493690.0
1862,667271.0
1863,2906207.0
1864,1321725.0
1865,837263.0
1866,5169990.0
1867,1511059.0
1868,445576.0
1869,1019069.0
1870,1703278.0
1871,466466.0
1872,2549685.0
1873,7413008.0
1874,7947183.0
1875,620375.0
1876,1408796.2
1877,1046644.0
1878,1003018.0
1879,8399081.0
1880,424706.0
1881,610017.0
1882,9911429.0
1883,1483473.0
1884,451613.0
1885,617292.0
1886,858677.0
1887,708125.0
1888,1463879.0
1889,6712230.0
1890,778736.0
1891,3785732.0
1892,680146.0
1893,410381.0
1894,1415093.0
1895,2367146.0
1896,677129.0
1897,563437.0
1898,589610.0
1899,400314.0
1900,2450329.0
1901,1714296.0
1902,1619460.0
1903,5139086.0
1904,1839199.0
1905,1591022.0
1906,638072.0
1907,21654023.0
1908,12885459.0
1909,1874336.0
1910,3757685.0
1911,967866.0
1912,464578.0
1913,2537409.0
1914,8701727.0
1915,1997341.0
1916,864263.0
1917,2836552.0
1918,1767539.0
1919,1697284.0
1920,6518501.0
1921,802671.0
1922,8068700.0
1923,1264297.0
1924,997618.0
1925,403464.0
1926,638846.0
1927,8670776.0
1928,545158.0
1929,4173513.0
1930,936114.0
1931,7078971.0
1932,1244658.0
1933,5686323.0
1934,1866083.0
1935,9824773.0
1936,777068.0
1937,629224.0
1938,1407820.0
1939,4808505.0
1940,753160.0
1941,1229426.0
1942,526140.0
1943,1391960.0
1944,4478303.0
1945,1411329.0
1946,1780707.0
1947,682049.0
1948,9111502.0
1949,2594400.0
1950,448796.0
1951,6380909.0
1952,794944.0
1953,921392.0
1954,560100.0
1955,6018246.0
1956,436814.0
1957,2139762.0
1958,2284031.0
1959,670498.0
1960,2396294.0
1961,879262.0
1962,2545846.0
1963,1660585.0
1964,529664.0
1965,637839.0
1966,1979924.0
1967,1641561.0
1968,10037591.0
1969,1442920.0
1970,1666049.0
1971,7097429.5
1972,2325609.0
1973,3716069.0
1974,6059830.0
1975,1126584.0
1976,1161880.0
1977,846616.0
1978,990946.0
1979,663951.0
1980,9024757.0
1981,1817906.0
1982,404587.0
1983,2226562.0
1984,1454428.0
1985,11010991.0
1986,790874.0
1987,572583.0
1988,759896.0
1989,1872825.0
1990,1376584.0
1991,10734332.0
1992,3091439.0
1993,1654147.0
1994,581179.0
1995,853920.0
1996,4234702.0
1997,824124.0
1998,732970.0
1999,17588955.0
2000,1245535.0
2001,2454488.0
2002,1363567.0
2003,768374.0
2004,6490814.0
2005,1102756.0
2006,5909037.0
2007,1093051.0
2008,4288673.0
2009,3949244.0
2010,737718.0
2011,654862.0
2012,1894325.0
2013,461198.0
2014,1828087.0
2015,1622452.0
2016,1688493.0
2017,6904769.0
2018,1244683.0
2019,1232304.0
2020,1011926.0
2021,7304072.0
2022,735173.0
2023,619086.0
2024,4685314.0
2025,6589594.0
2026,748249.0
2027,8776515.0
2028,901347.0
2029,6714133.0
2030,1410998.0
2031,9018166.0
2032,755202.0
2033,1877784.0
2034,2446717.0
2035,1278226.0
2036,3271793.0
2037,1199248.0
2038,5902785.0
2039,2281974.0
2040,1414687.7333333332
2041,1483151.0
2042,571573.0
2043,16613919.0
2044,1257978.0
2045,503053.0
2046,1545192.0
2047,723241.0
2048,3685749.0
2049,10099246.0
2050,568141.0
2051,1866988.0
2052,2018926.0
2053,6467082.0
2054,2537686.0
2055,371363.0
2056,901524.0
2057,968424.0
2058,1388757.0
2059,559722.0
2060,1362826.0
2061,7506824.0
2062,3741161.0
2063,1376584.0
2064,517974.0
2065,8498700.0
2066,3943961.0
2067,4778906.0
2068,1161880.0
2069,3681558.0
2070,19722285.0
2071,5972456.0
2072,1588267.0
2073,1587560.0
2074,1898507.0
2075,1495640.0
2076,3680672.0
2077,1497600.0
2078,4395729.0
2079,940879.0
2080,561512.0
2081,846063.0
2082,956498.0
2083,631597.0
2084,3040198.0
2085,386543.0
2086,1664207.0
2087,569930.0
2088,1668482.0
2089,1646648.0
2090,1937994.0
2091,3859991.0
2092,567357.0
2093,9448024.0
2094,447716.0
2095,1229636.0
2096,2325609.0
2097,1231441.0
2098,711266.0
2099,549508.0
2100,963795.0
2101,2218648.0
2102,2385295.0
2103,532074.0
2104,1313943.0
2105,14495350.0
2106,651073.0
2107,11859648.0
2108,1737446.0
2109,840546.0
2110,1431676.0
2111,477262.0
2112,1744504.0
2113,845134.0
2114,617433.0
2115,1476333.0
2116,709069.0
2117,945631.0
2118,1246940.0
2119,1924953.0
2120,5019000.0
2121,582315.0
2122,9218020.0
2123,840056.0
2124,2146489.0
2125,1714296.0
2126,577437.0
2127,2650213.0
2128,844554.0
2129,2910090.0
2130,8185338.0
2131,5836459.0
2132,1905669.0
2133,456391.0
2134,871820.0
2135,19137853.0
2136,1638538.0
2137,581841.0
2138,581280.0
2139,1839700.0
2140,4188643.0
2141,425041.0
2142,860830.0
2143,17093467.0
2144,2230207.0
2145,4707765.0
2146,1327236.0
2147,2596567.0
2148,646799.0
2149,2028500.0
2150,3955932.0
2151,611130.0
2152,2974876.0
2153,649049.0
2154,1868973.0
2155,3440912.0
2156,1261085.0
2157,1386859.0
2158,980543.0
2159,462551.0
2160,2432931.0
2161,702706.0
2162,2738940.0
2163,855381.0
2164,715023.0
2165,1782500.0
2166,1719842.0
2167,9117422.0
2168,605636.0
2169,1744138.0
2170,778237.0
2171,2012935.0
2172,378654.0
2173,346867.0
2174,582110.0
2175,3879464.0
2176,4813026.0
2177,723585.0
2178,452510.0
2179,16682074.0
2180,3717104.0
2181,16767247.0
2182,748519.0
2183,813251.0
2184,1110297.0
2185,784799.0
2186,1489549.0
2187,2609946.0
2188,2806162.0
2189,6097968.0
2190,707010.0
2191,1374675.0
2192,659529.0
2193,1342933.0
2194,790086.0
2195,888864.0
2196,2040548.0
2197,1005258.0
2198,622581.0
2199,3902054.0
2200,1988063.0
2201,1746317.0
2202,1323493.0
2203,2688954.0
2204,11275645.0
2205,1826720.0
2206,2050191.0
2207,2486321.0
2208,1047810.0
2209,611611.0
2210,629835.0
2211,1813821.0
2212,531360.0
2213,491378.0
2214,2473004.0
2215,1266513.0
2216,409082.0
2217,2541522.0
2218,2977250.0
2219,4289216.0
2220,1091896.0
2221,1560776.0
2222,2045002.0
2223,12647076.0
2224,824916.0
2225,1705432.0
2226,1768823.0
2227,1164187.0
2228,1688445.0
2229,2389411.0
2230,605275.0
2231,1504641.0
2232,2714457.0
2233,4163562.0
2234,2836755.0
2235,942655.0
2236,661646.0
2237,2109149.0
2238,1927420.0
2239,652883.0
2240,5681507.0
2241,945549.0
2242,563023.0
2243,1443495.0
2244,1812132.0
2245,838121.0
2246,3112265.0
2247,1812457.0
2248,3195271.0
2249,1481754.0
2250,375269.0
2251,2380769.0
2252,656617.0
2253,1792059.0
2254,587084.0
2255,3151000.0
2256,584858.0
2257,1884111.0
2258,2877746.0
2259,2857774.0
2260,1788249.0
2261,5841599.0
2262,2710309.0
2263,515662.0
2264,1197778.0
2265,2392194.0
2266,1101164.0
2267,384462.0
2268,6679157.0
2269,1720100.0
2270,3308384.0
2271,837504.0
2272,1610093.0
2273,1086041.0
2274,2119008.0
2275,1694389.0
2276,897057.0
2277,1633053.0
2278,1256542.0
2279,3272862.0
2280,1809183.0
2281,2063352.0
2282,635052.0
2283,3719398.0
2284,1785427.0
2285,3397421.0
2286,1114810.0
2287,8725074.0
2288,2139762.0
2289,808980.0
2290,1278226.0
2291,827651.0
2292,965855.0
2293,6859977.0
2294,2554103.0
2295,3527987.0
2296,2783126.0
2297,2058095.0
2298,880084.0
2299,2479476.0
2300,2897035.0
2301,3200735.0
2302,478720.0
2303,1725362.0
2304,6020206.0
2305,14894710.0
2306,3822463.0
2307,19418753.0
2308,2748345.0
2309,537810.0
2310,4663293.0
2311,646871.0
2312,821538.0
2313,1646790.0
2314,735942.0
2315,615669.0
2316,524853.0
2317,2466680.0
2318,1868491.0
2319,5373637.0
2320,1069774.0
2321,615383.0
2322,618798.0
2323,8959755.0
2324,366072.0
2325,7994133.0
2326,2080351.0
2327,1573743.0
2328,1362472.0
2329,4408468.0
2330,4078571.0
2331,4392557.0
2332,2987886.0
2333,930749.0
2334,972565.0
2335,3586005.0
2336,1798862.0
2337,1026234.0
2338,785413.0
2339,597290.0
2340,797157.0
2341,611500.0
2342,19260834.0
2343,1900911.0
2344,1351517.0
2345,2441447.0
2346,1819714.0
2347,1923695.0
2348,2049757.0
2349,881868.0
2350,2468717.0
2351,694625.0
2352,1411568.0
2353,3055607.0
2354,3144709.0
2355,2067406.0
2356,1030672.0
2357,880999.0
2358,2414072.0
2359,9758091.0
2360,994107.0
2361,781775.0
2362,1059390.0
2363,16325664.0
2364,5235845.0
2365,1821564.0
2366,7955661.0
2367,3988354.0
2368,2925471.0
2369,612096.0
2370,2002932.0
2371,723965.0
2372,1967686.0
2373,416198.0
2374,4765830.0
2375,707705.0
2376,8486353.0
2377,1393489.0
2378,605346.0
2379,8573174.0
2380,615933.0
2381,2923509.0
2382,530706.0
2383,1759453.0
2384,1302406.0
2385,7955661.0
2386,894232.0
2387,3617631.0
2388,488801.0
2389,319233.0
2390,13447571.0
2391,663951.0
2392,13150115.0
2393,375964.0
2394,1714296.0
2395,1421364.0
2396,461989.0
2397,540503.0
2398,6020206.0
2399,509672.0
2400,2618235.0
2401,1003732.0
2402,3719398.0
2403,656170.0
2404,808738.0
2405,1740748.0
2406,818909.0
2407,379389.0
2408,3775591.0
2409,859930.0
2410,9752764.0
2411,12785218.0
2412,1269712.0
2413,1290523.0
2414,8947585.0
2415,2061956.0
2416,4119867.0
2417,2613129.0
2418,862100.0
2419,1821766.0
2420,903652.0
2421,602055.0
2422,1796715.0
2423,2549867.0
2424,2021585.0
2425,2022755.0
2426,1616866.0
2427,838426.0
2428,1204314.0
2429,2497602.0
2430,660854.0
2431,8685344.0
2432,665373.0
2433,1829672.0
2434,1538984.0
2435,3705488.0
2436,1271195.0
2437,868077.0
2438,751098.0
2439,766618.0
2440,1176244.0
2441,997785.0
2442,3050106.0
2443,3301156.0
2444,552659.0
2445,1194032.0
2446,6556506.0
2447,1021862.0
2448,2644617.0
2449,2500163.0
2450,599599.0
2451,706224.0
2452,4286181.0
2453,2067348.0
2454,712891.0
2455,1764287.0
2456,12792879.0
2457,2235464.0
2458,1361070.0
2459,397735.0
2460,5170450.0
2461,745385.0
2462,716775.0
2463,3254717.0
2464,1559472.0
2465,685429.0
2466,950006.0
2467,2458084.0
2468,1171497.0
2469,9509995.0
2470,2850346.0
2471,1557518.0
2472,1796715.0
2473,474456.0
2474,5821961.0
2475,617234.0
2476,2493970.0
2477,1039866.0
2478,3487344.0
2479,516035.0
2480,3262385.0
2481,1373070.0
2482,2809456.0
2483,4514506.0
2484,8597758.0
2485,978811.0
2486,12697986.0
2487,7000535.0
2488,2221281.0
2489,1866988.0
2490,1807760.0
2491,1261597.0
2492,1252243.0
2493,1930085.0
2494,6017760.0
2495,1039249.0
2496,1880052.0
2497,1425253.0
2498,2369645.0
2499,597112.0
2500,3170723.0
2501,12603101.0
2502,589006.0
2503,888288.0
2504,408484.0
2505,3346207.0
2506,590528.0
2507,632578.0
2508,8553723.0
2509,1714296.0
2510,8923741.0
2511,405108.0
2512,4684931.0
2513,4810261.0
2514,3868941.0
2515,22185975.0
2516,1638352.0
2517,901488.0
2518,2441447.0
2519,592579.0
2520,1265490.0
2521,1404111.0
2522,4163071.0
2523,1853896.0
2524,9992039.0
2525,1510772.0
2526,1366153.0
2527,2505563.0
2528,4493012.0
2529,5275554.0
2530,2914929.0
2531,7990059.0
2532,16169124.0
2533,1400196.0
2534,1367100.0
2535,6553414.0
2536,8602637.0
2537,465730.0
2538,954288.0
2539,3768885.0
2540,4248637.0
2541,5055052.0
2542,4904043.0
2543,945009.0
2544,7955661.0
2545,778437.0
2546,1160284.0
2547,1345809.0
2548,576706.0
2549,1284943.0
2550,1409572.0
2551,13748326.0
2552,8560008.0
2553,1114810.0
2554,586884.0
2555,1310131.0
2556,3387265.0
2557,2621642.0
2558,3046008.0
2559,687485.0
2560,7176984.0
2561,9907381.0
2562,6835126.0
2563,719326.0
2564,1716818.0
2565,1300599.0
2566,2426100.0
2567,675103.0
2568,2889463.0
2569,1451935.0
2570,600067.0
2571,1393489.0
2572,576680.0
2573,12142135.0
2574,837717.0
2575,373929.0
2576,2912395.0
2577,414866.0
2578,620747.0
2579,396730.0
2580,580568.0
2581,1445269.0
2582,569963.0
2583,7078971.0
2584,2377538.0
2585,6195597.0
2586,803605.0
2587,675761.0
2588,4236904.0
2589,2139762.0
2590,707243.0
2591,649560.0
2592,781730.0
2593,1262187.0
2594,1483797.0
2595,4284697.0
2596,6448411.0
2597,2735451.0
2598,548911.0
2599,1643088.0
2600,647433.0
2601,3378887.0
2602,1487255.0
2603,708797.0
2604,2248000.0
2605,873745.0
2606,1483473.0
2607,521045.0
2608,1515113.0
2609,12511695.0
2610,715079.0
2611,1837133.0
2612,949236.0
2613,582866.0
2614,3741161.0
2615,1685769.0
2616,6474615.0
2617,1563340.0
2618,733279.0
2619,1149255.0
2620,4429901.0
2621,1667739.0
2622,416484.0
2623,791247.0
2624,2984551.0
2625,1796715.0
2626,1651257.0
2627,895908.0
2628,1648570.0
2629,956430.0
2630,5165881.0
2631,1321700.0
2632,7636588.0
2633,638083.0
2634,1241678.0
2635,455932.0
2636,1775341.0
2637,1239882.0
2638,1361661.0
2639,14227319.0
2640,6266746.0
2641,1379390.0
2642,4569758.0
2643,1722116.0
2644,2205699.0
2645,6583162.0
2646,1185697.0
2647,571809.0
2648,461828.0
2649,2172888.0
2650,448112.0
2651,9508369.0
2652,1628902.0
2653,2175329.0
2654,3089029.0
2655,946469.0
2656,778237.0
2657,2888042.0
2658,1677843.0
2659,723603.0
2660,1721043.0
2661,614485.0
2662,5876225.0
2663,711562.0
2664,913921.0
2665,976436.0
2666,1111053.0
2667,1328607.0
2668,5208726.0
2669,4344817.0
2670,332986.0
2671,509722.0
2672,1236606.0
2673,1851142.0
2674,3263610.0
2675,1260208.0
2676,3980178.0
2677,2905382.0
2678,6096285.0
2679,1661287.0
2680,3695222.0
2681,1015215.0
2682,8692854.0
2683,764329.0
2684,923900.0
2685,809947.0
2686,3639449.0
2687,905647.0
2688,464835.0
2689,1364938.0
2690,1648507.0
2691,1405568.0
2692,626788.0
2693,1902875.0
2694,836853.0
2695,5909106.0
2696,5450040.0
2697,605949.0
2698,632154.0
2699,2750952.0
2700,528138.0
2701,8727059.0
2702,2446717.0
2703,37657087.0
2704,7157494.0
2705,6486529.0
2706,833749.0
2707,447832.0
2708,1827734.0
2709,13469663.0
2710,1969369.0
2711,1433690.0
2712,612741.0
2713,2207378.0
2714,511251.0
2715,4277029.0
2716,2904392.0
2717,1251153.0
2718,2152780.0
2719,1722116.0
2720,831578.0
2721,6928629.0
2722,1414687.7333333332
2723,1669413.0
2724,718176.0
2725,506711.0
2726,6042994.0
2727,573695.0
2728,860896.0
2729,1196070.0
2730,1775341.0
2731,7249261.0
2732,3262385.0
2733,8068369.0
2734,419630.0
2735,915446.0
2736,664981.0
2737,982273.0
2738,660703.0
2739,8046400.0
2740,2220382.0
2741,3781806.0
2742,9817206.0
2743,2071887.0
2744,2428261.0
2745,480242.0
2746,2756990.0
2747,839907.0
2748,2549685.0
2749,2645892.0
2750,1303758.0
2751,1176804.0
2752,1712705.0
2753,919396.0
2754,745394.0
2755,712194.0
2756,633484.0
2757,1775341.0
2758,24834781.0
2759,1513602.0
2760,1263214.0
2761,1706864.0
2762,5474364.0
2763,734648.0
2764,1484628.0
2765,552357.0
2766,8869195.0
2767,5346977.0
2768,7063762.0
2769,1511512.0
2770,1936558.0
2771,625830.0
2772,580500.0
2773,450158.0
2774,821406.0
2775,1631775.0
2776,1483516.0
2777,465213.0
2778,1235642.0
2779,10977595.0
2780,497059.0
2781,2114138.0
2782,4875853.0
2783,659529.0
2784,1134080.0
2785,623323.0
2786,2214558.0
2787,6030948.0
2788,4426801.0
2789,2973901.0
2790,1140185.0
2791,810601.0
2792,2083583.0
2793,2189926.0
2794,1477875.0
2795,3834707.0
2796,16239562.0
2797,4965694.0
2798,1892669.0
2799,624420.0
2800,3719398.0
2801,591831.0
2802,429714.0
2803,2545915.0
2804,3104950.0
2805,2729407.0
2806,2284031.0
2807,867662.0
2808,3522741.0
2809,994286.0
2810,2227523.0
2811,2710191.0
2812,623730.0
2813,931890.0
2814,3390909.0
2815,1440190.0
2816,1153110.0
2817,3141454.0
2818,2977762.0
2819,1843790.0
2820,883264.0
2821,3264253.0
2822,3289365.0
2823,2359437.0
2824,1284901.0
2825,515280.0
2826,16851551.0
2827,7573535.0
2828,979578.0
2829,503798.0
2830,976925.0
2831,2257588.0
2832,649061.0
2833,1818769.0
2834,499585.0
2835,464478.0
2836,397419.0
2837,3732906.0
2838,545380.0
2839,2738767.0
2840,2129003.0
2841,4029169.0
2842,2101999.0
2843,7055296.0
2844,2040548.0
2845,8482110.0
2846,3073502.0
2847,1315808.0
2848,1251012.0
2849,2393262.0
2850,5277517.0
2851,846673.0
2852,1244683.0
2853,1650371.0
2854,3457367.0
2855,623903.0
2856,1054883.0
2857,1582602.0
2858,2408297.0
2859,2359208.0
2860,976591.0
2861,3656893.0
2862,2956501.0
2863,1139458.0
2864,6042994.0
2865,594601.0
2866,2897301.0
2867,3486201.0
2868,1704603.0
2869,5037713.0
2870,900380.0
2871,8602692.0
2872,548036.0
2873,18357457.0
2874,615793.0
2875,1660644.0
2876,4323992.0
2877,869586.0
2878,4262762.0
2879,5341137.0
2880,13911594.0
2881,1103454.0
2882,1382461.0
2883,3127518.0
2884,543194.0
2885,2712019.0
2886,2515278.0
2887,628559.0
2888,424337.0
2889,10156598.0
2890,868482.0
2891,22934445.0
2892,996658.0
2893,2498452.0
2894,1436700.0
2895,616304.0
2896,1631600.0
2897,2127352.0
2898,869372.0
2899,961114.0
2900,410471.0
2901,13508038.0
2902,8057568.0
2903,1331134.0
2904,3671769.0
2905,2476487.0
2906,2554103.0
2907,1348100.0
2908,2096077.0
2909,8993688.0
2910,653171.0
2911,1565150.0
2912,981894.0
2913,3506618.0
2914,1144833.0
2915,7750322.0
2916,1332906.0
2917,1981550.0
2918,1835957.0
2919,8377778.0
2920,5761870.0
2921,7729270.0
2922,521558.0
2923,1845102.0
2924,7701411.0
2925,668936.0
2926,1854604.0
2927,1403493.0
2928,1421364.0
2929,2518130.0
2930,11115185.0
2931,1832334.0
2932,1453314.0
2933,1887741.0
2934,1617972.0
2935,1386879.0
2936,1536429.0
2937,2105874.0
2938,2738804.0
2939,1956843.0
2940,679834.0
2941,1668482.0
2942,2585726.0
2943,5020198.0
2944,4392689.0
2945,960042.0
2946,1623686.0
2947,1632570.0
2948,2795799.0
2949,2112819.0
2950,725176.0
2951,9122589.0
2952,626461.0
2953,3642284.0
2954,2876675.0
2955,1386859.0
2956,652438.0
2957,1234148.0
2958,899466.0
2959,1145339.0
2960,1963682.0
2961,1199248.0
2962,1825689.0
2963,828647.0
2964,1287937.0
2965,686233.0
2966,5243956.0
2967,860193.0
2968,2794703.0
2969,1970202.0
2970,418435.0
2971,8840557.0
2972,3119052.0
2973,2428261.0
2974,3808211.0
2975,898056.0
2976,1116865.0
2977,595384.0
2978,2880874.0
2979,1751125.0
2980,2496362.0
2981,4166368.0
2982,5004202.0
2983,517472.0
2984,13931100.0
2985,423872.0
2986,2447071.0
2987,3816921.0
2988,417409.0
2989,1984457.0
2990,1510339.0
2991,16734085.0
2992,1545873.0
2993,583420.0
2994,7093686.0
2995,1383433.0
2996,469118.0
2997,1836339.0
2998,3271793.0
2999,5049224.0
3000,3943961.0
3001,2420011.0
3002,720315.0
3003,659404.0
3004,2715996.0
3005,11347286.0
3006,415592.0
3007,2369621.0
3008,4612389.0
3009,2140272.0
3010,2833028.0
3011,1335452.0
3012,12481875.0
3013,628730.0
3014,1874336.0
3015,2723868.0
3016,17258220.0
3017,2067348.0
3018,1704603.0
3019,8995061.0
3020,1743059.0
3021,2647376.0
3022,590847.0
3023,4620788.0
3024,1491259.0
3025,4241886.0
3026,838035.0
3027,595619.0
3028,481911.0
3029,575309.0
3030,1835919.0
3031,2545846.0
3032,12580042.0
3033,4248637.0
3034,5975334.0
3035,22109614.0
3036,2311496.0
3037,6302701.0
3038,1756805.0
3039,359683.0
3040,2983883.0
3041,1260657.0
3042,2894109.0
3043,3429683.0
3044,26103981.0
3045,7547605.0
3046,2566150.0
3047,1205743.0
3048,2120547.0
3049,839034.0
3050,1852115.0
3051,832097.0
3052,874724.0
3053,589239.0
3054,2440518.0
3055,2748896.0
3056,2223961.0
3057,3354796.0
3058,3808419.0
3059,2904088.0
3060,6993615.0
3061,2888114.0
3062,631321.0
3063,1439551.0
3064,2934348.0
3065,1256542.0
3066,1864480.0
3067,1282006.0
3068,1001854.0
3069,779915.0
3070,712734.0
3071,1165566.0
3072,417178.0
3073,1801197.0
3074,1357520.0
3075,11596491.0
3076,1580019.0
3077,2457768.0
3078,13585182.0
3079,332133.0
3080,8782860.0
3081,2857774.0
3082,1891976.0
3083,1863605.0
3084,1861594.0
3085,1386859.0
3086,2856441.0
3087,1705379.0
3088,493719.0
3089,685838.0
3090,400299.0
3091,715689.0
3092,6096285.0
3093,1225042.0
3094,724000.0
3095,1476333.0
3096,389956.0
3097,2002222.0
3098,827235.0
3099,771771.0
3100,4335574.0
3101,1558110.0
3102,854985.0
3103,2878582.0
3104,1870791.0
3105,2909389.0
3106,1937355.0
3107,1227342.0
3108,535206.0
3109,854651.0
3110,775384.0
3111,989918.0
3112,401579.0
3113,859149.0
3114,8450589.0
3115,4649231.0
3116,8701581.0
3117,1079829.0
3118,1364910.0
3119,1980596.0
3120,2126275.0
3121,622803.0
3122,781158.0
3123,5273476.0
3124,2020518.0
3125,418067.0
3126,3627575.0
3127,6783381.0
3128,5138942.0
3129,1924116.0
3130,741004.0
3131,3798493.0
3132,2857774.0
3133,685040.0
3134,5711295.0
3135,2997400.0
3136,3384255.0
3137,2020947.0
3138,2894536.0
3139,3735151.0
3140,6725761.0
3141,792296.0
3142,634274.0
3143,273624.0
3144,838235.0
3145,515030.0
3146,2394291.0
3147,2079245.0
3148,7655957.0
3149,2510797.0
3150,5498776.0
3151,6121346.0
3152,1550490.0
3153,2075436.0
3154,8959755.0
3155,2983199.0
3156,2122262.0
3157,3642284.0
3158,6738168.0
3159,754982.0
3160,1628107.0
3161,1991251.0
3162,372278.0
3163,5719149.0
3164,1359464.0
3165,1199263.0
3166,588376.0
3167,1511059.0
3168,1176760.0
3169,499017.0
3170,1379331.0
3171,877275.0
3172,592892.0
3173,454971.0
3174,3807254.0
3175,1311206.0
3176,2340035.0
3177,8969413.0
3178,4375874.0
3179,882062.0
3180,1732830.0
3181,1376584.0
3182,354920.0
3183,755612.0
3184,1064988.0
3185,556096.0
3186,1840013.0
3187,712893.0
3188,470524.0
3189,2831695.0
3190,5024299.0
3191,590415.0
3192,5846002.0
3193,3450933.0
3194,418736.0
3195,2418913.0
3196,918097.0
3197,7836243.0
3198,858938.0
3199,503983.0
3200,2227523.0
3201,404572.0
3202,3308068.0
3203,581839.0
3204,1064814.0
3205,343619.0
3206,1147263.0
3207,1699343.0
3208,6013944.0
3209,2363711.0
3210,1414687.7333333332
3211,1182566.0
3212,2946373.0
3213,10386820.0
3214,393058.0
3215,1411249.0
3216,544380.0
3217,3123764.0
3218,494958.0
3219,715139.0
3220,712664.0
3221,2407145.0
3222,872427.0
3223,9614556.0
3224,1914467.0
3225,3941207.0
3226,1198744.0
3227,1367100.0
3228,4247681.0
3229,10028158.0
3230,3839076.0
3231,636766.0
3232,1716240.0
3233,2132295.0
3234,2481335.0
3235,1505909.0
3236,2094798.0
3237,1408692.0
3238,645689.0
3239,2756041.0
3240,721461.0
3241,1006169.0
3242,1317069.0
3243,1097819.0
3244,1308528.0
3245,611385.0
3246,644415.0
3247,475774.0
3248,1002607.0
3249,3641647.0
3250,1692745.0
3251,7086603.0
3252,2137407.0
3253,4593436.0
3254,1656410.0
3255,2790955.0
3256,1471294.0
3257,923641.0
3258,876615.0
3259,1895992.0
3260,616591.0
3261,368966.0
3262,14129150.0
3263,851789.0
3264,2389411.0
3265,2571813.0
3266,9607158.0
3267,2545846.0
3268,665820.0
3269,6748789.0
3270,1724678.0
3271,2945106.0
3272,346531.0
3273,1461743.0
3274,1847099.0
3275,441431.0
3276,3015083.0
3277,6754426.0
3278,1807760.0
3279,526057.0
3280,6970477.0
3281,467329.0
3282,715823.0
3283,824980.0
3284,1247211.0
3285,1431676.0
3286,5275554.0
3287,1713463.0
3288,11266612.0
3289,2978700.0
3290,1945475.0
3291,1255149.0
3292,9431800.0
3293,2279361.0
3294,18529711.0
3295,9376324.0
3296,16451964.0
3297,593878.0
3298,598277.0
3299,45984632.0
3300,549659.0
3301,2810432.0
3302,9252593.0
3303,1113382.0
3304,527946.0
3305,1868696.0
3306,3378887.0
3307,15806212.0
3308,1088087.0
3309,3347847.0
3310,2446890.0
3311,2315131.0
3312,837556.0
3313,2871587.0
3314,2795799.0
3315,1679239.0
3316,1997748.0
3317,2254850.0
3318,2628520.0
3319,2277258.0
3320,2010123.0
3321,1228013.0
3322,1195527.0
3323,15832342.0
3324,857317.0
3325,1830614.0
3326,1669396.0
3327,797282.0
3328,1178276.0
3329,623096.0
3330,583319.0
3331,4684931.0
3332,480560.0
3333,8185338.0
3334,1356892.0
3335,2576035.0
3336,402816.0
3337,413780.0
3338,2708523.0
3339,2977762.0
3340,1403394.0
3341,1258741.0
3342,487291.0
3343,4250553.0
3344,8068158.0
3345,2008793.0
3346,1936558.0
3347,8748906.0
3348,1662217.0
3349,617241.0
3350,821216.0
3351,1995768.0
3352,2562199.0
3353,940376.0
3354,741352.0
3355,1164187.0
3356,476496.0
3357,1823997.0
3358,7907187.0
3359,1868844.0
3360,343179.0
3361,2929198.0
3362,4061808.0
3363,1244683.0
3364,1421864.0
3365,4592212.0
3366,856084.0
3367,2126954.0
3368,2927077.0
3369,1788249.0
3370,2797021.0
3371,3318186.0
3372,1704603.0
3373,2055969.0
3374,1986924.0
3375,3169151.0
3376,402273.0
3377,1209819.0
3378,8552516.0
3379,922547.0
3380,578864.0
3381,582900.0
3382,417921.0
3383,676135.0
3384,2875392.0
3385,1998002.0
3386,975071.0
3387,331975.0
3388,1534808.0
3389,718260.0
3390,3195271.0
3391,12127308.0
3392,3845672.0
3393,1523856.0
3394,642433.0
3395,19119845.0
3396,411051.0
3397,1436700.0
3398,3271793.0
3399,46531661.0
3400,1427085.0
3401,496850.0
3402,802271.0
3403,1074611.0
3404,582790.0
3405,2538488.0
3406,913877.0
3407,515267.0
3408,764498.0
3409,6195895.0
3410,9325218.0
3411,1838851.0
3412,5355062.0
3413,2272786.0
3414,461305.0
3415,657171.0
3416,5763988.0
3417,1983262.0
3418,3169151.0
3419,14363813.0
3420,1702685.0
3421,4247681.0
3422,1280423.0
3423,570816.0
3424,6965262.0
3425,2833693.0
3426,709295.0
3427,4154067.0
3428,712860.0
3429,2467503.0
3430,2299483.0
3431,2480429.0
3432,2537629.0
3433,1722116.0
3434,1375020.0
3435,460909.0
3436,1495549.0
3437,2188997.0
3438,9821140.0
3439,2067570.0
3440,2300009.0
3441,3775034.0
3442,632927.0
3443,5600756.0
3444,688393.0
3445,4248637.0
3446,1331063.0
3447,8067763.0
3448,8835816.0
3449,5525293.0
3450,789698.0
3451,3715443.0
3452,2687176.0
3453,4349970.0
3454,361933.0
3455,737385.0
3456,764379.0
3457,5711876.0
3458,1939981.0
3459,24601953.0
3460,1722149.0
3461,2155438.0
3462,1814282.0
3463,962416.0
3464,1694386.0
3465,4685314.0
3466,1262187.0
3467,9024256.0
3468,2139762.0
3469,2942229.0
3470,367657.0
3471,845168.0
3472,1841414.0
3473,8923035.0
3474,3926092.0
3475,1708704.0
3476,809947.0
3477,2886135.0
3478,1325203.0
3479,4208051.0
3480,891584.0
3481,537523.0
3482,377482.0
3483,344418.0
3484,623099.0
3485,1039838.0
3486,619795.0
3487,12950888.0
3488,3433906.0
3489,1795526.0
3490,470518.0
3491,1643088.0
3492,648965.0
3493,3684073.0
3494,2187390.0
3495,1206526.0
3496,1847963.0
3497,6395837.0
3498,1578515.0
3499,6592187.0
3500,555898.0
3501,1513602.0
3502,1358833.0
3503,3111139.0
3504,704999.0
3505,8360352.0
3506,3672892.0
3507,609872.0
3508,753314.0
3509,2955084.0
3510,622514.0
3511,686572.0
3512,742391.0
3513,4399492.0
3514,4154067.0
3515,2545846.0
3516,2033531.0
3517,2966866.0
3518,21204292.0
3519,6795916.0
3520,4219318.0
3521,395742.0
3522,2916217.0
3523,1796715.0
3524,6065757.0
3525,1393489.0
3526,516336.0
3527,5024424.0
3528,6618362.0
3529,1035518.0
3530,527616.0
3531,19463238.0
3532,1685700.0
3533,2080351.0
3534,8486306.0
3535,2510797.0
3536,1122763.0
3537,2051412.0
3538,1775341.0
3539,2363711.0
3540,691746.0
3541,2258240.0
3542,2254661.0
3543,528476.0
3544,2795799.0
3545,1703767.0
3546,16691647.0
3547,929719.0
3548,759839.0
3549,465887.0
3550,4559573.0
3551,1525925.0
3552,672161.0
3553,3639449.0
3554,2823366.0
3555,695689.0
3556,2394860.0
3557,5392880.0
3558,1424072.0
3559,813156.0
3560,761451.0
3561,803108.0
3562,537051.0
3563,573681.0
3564,2462044.0
3565,428034.0
3566,6255811.0
3567,1753969.0
3568,4395729.0
3569,334761.0
3570,1740734.0
3571,842157.0
3572,3208254.0
3573,1021678.0
3574,730391.0
3575,2927077.0
3576,3667383.0
3577,3070308.0
3578,1677412.0
3579,1005439.0
3580,1364125.0
3581,1199883.0
3582,890847.0
3583,2378221.0
3584,1156780.0
3585,5296197.0
3586,2981213.0
3587,1727947.0
3588,373637.0
3589,1229426.0
3590,2909797.0
3591,4997160.0
3592,826707.0
3593,6460144.0
3594,4134453.0
3595,3016008.0
3596,3117142.0
3597,5380920.0
3598,2685048.0
3599,3775508.0
3600,4684931.0
3601,2077526.0
3602,2173367.0
3603,597567.0
3604,1823098.0
3605,617255.0
3606,606547.0
3607,4292390.0
3608,3864897.0
3609,371176.0
3610,3862719.0
3611,2165296.0
3612,2455225.0
3613,3461430.0
3614,3378887.0
3615,1317837.0
3616,9904599.0
3617,3349394.0
3618,3108401.0
3619,4587744.0
3620,6390658.0
3621,4582963.0
3622,7731604.0
3623,1948756.0
3624,3876449.0
3625,933668.0
3626,2562199.0
3627,7512023.0
3628,9890123.0
3629,1327510.0
3630,380506.0
3631,4763922.0
3632,1773269.0
3633,966980.0
3634,663925.0
3635,4827328.0
3636,2689904.0
3637,1633824.0
3638,579138.0
3639,6870646.0
3640,1825711.0
3641,1349621.0
3642,21391798.0
3643,2446717.0
3644,10595047.0
3645,2984551.0
3646,721276.0
3647,617985.0
3648,2511930.0
3649,1242716.0
3650,542348.0
3651,4978291.0
3652,1895992.0
3653,3372098.0
3654,1768934.0
3655,2006870.0
3656,4715525.0
3657,3865644.0
3658,5486016.0
3659,1018882.0
3660,1391859.0
3661,993641.0
3662,706192.0
3663,635856.0
3664,1423766.0
3665,1376584.0
3666,1076535.0
3667,2193085.0
3668,2275835.0
3669,919858.0
3670,990374.0
3671,3282112.0
3672,6883215.0
3673,2366156.0
3674,928458.0
3675,526750.0
3676,5708804.0
3677,685406.0
3678,8512770.0
3679,3250167.0
3680,1263238.0
3681,455809.0
3682,3719398.0
3683,547560.0
3684,1616581.0
3685,708173.0
3686,1551504.0
3687,3232725.0
3688,2424949.0
3689,749614.0
3690,3642284.0
3691,992815.0
3692,987114.0
3693,7996039.0
3694,3929937.0
3695,1864587.0
3696,390629.0
3697,3110145.0
3698,522589.0
3699,1824953.0
3700,1714296.0
3701,1840154.0
3702,1829672.0
3703,8991977.0
3704,1828087.0
3705,899824.0
3706,2119100.0
3707,6883215.0
3708,1994895.0
3709,385629.0
3710,1020546.0
3711,882736.0
3712,1831815.0
3713,3001402.0
3714,717168.0
3715,1764287.0
3716,2857774.0
3717,1371884.0
3718,16303822.0
3719,2246125.0
3720,433835.0
3721,696725.0
3722,4263867.0
3723,885996.0
3724,589490.0
3725,3250167.0
3726,1736302.0
3727,6657203.0
3728,841915.0
3729,754722.0
3730,3126481.0
3731,507578.0
3732,1406284.0
3733,1287642.0
3734,1122240.0
3735,1371609.0
3736,2577274.0
3737,9584017.0
3738,360920.0
3739,5282789.0
3740,404525.0
3741,635710.0
3742,14625086.0
3743,2513881.0
3744,943987.0
3745,2378221.0
3746,734966.0
3747,1939774.0
3748,449338.0
3749,3101526.0
3750,744473.0
3751,3461430.0
3752,3874622.0
3753,2953538.0
3754,1957697.0
3755,463713.0
3756,378848.0
3757,6103612.0
3758,5681507.0
3759,733700.0
3760,2754616.0
3761,589069.0
3762,527653.0
3763,1463335.0
3764,2012935.0
3765,1554945.0
3766,4898278.0
3767,3025194.0
3768,692273.0
3769,2830120.0
3770,2964351.0
3771,8921997.0
3772,2342605.0
3773,1326212.0
3774,1143818.0
3775,2046219.0
3776,965961.0
3777,844675.0
3778,9166605.0
3779,627704.0
3780,2927077.0
3781,2135139.0
3782,2999476.0
3783,6940159.0
3784,2325609.0
3785,748496.0
3786,1348400.0
3787,6269508.0
3788,1054883.0
3789,3649120.0
3790,3252619.0
3791,534998.0
3792,1878572.0
3793,2446540.0
3794,966276.0
3795,6324201.0
3796,4057678.0
3797,6812974.0
3798,1768934.0
3799,5525881.0
3800,1511059.0
3801,2874779.0
3802,706660.0
3803,2769731.0
3804,4684931.0
3805,2396664.0
3806,4321304.0
3807,2376779.0
3808,620617.0
3809,2446357.0
3810,2668236.0
3811,16736601.0
3812,3001353.0
3813,6028018.0
3814,3179843.0
3815,846100.0
3816,1144236.0
3817,1330270.0
3818,520110.0
3819,1929684.0
3820,2607696.0
3821,1776587.0
3822,3070308.0
3823,4548364.0
3824,466074.0
3825,1407172.0
3826,428349.0
3827,858505.0
3828,3231048.0
3829,980503.0
3830,1551504.0
3831,1423017.0
3832,834570.0
3833,3253390.0
3834,2014274.0
3835,1911910.0
3836,1203128.0
3837,1230904.0
3838,12319991.0
3839,584452.0
3840,3735151.0
3841,2059267.0
3842,1243961.0
3843,2798151.0
3844,588089.0
3845,1302665.0
3846,529873.0
3847,645155.0
3848,621454.0
3849,1269398.0
3850,7309322.0
3851,2872591.0
3852,2554103.0
3853,1173437.0
3854,1819243.0
3855,3004924.0
3856,3777479.0
3857,10037985.0
3858,12048055.0
3859,6488439.0
3860,981310.0
3861,2428216.0
3862,351546.0
3863,6561229.0
3864,2895448.0
3865,1558255.0
3866,3693627.0
3867,6913460.0
3868,624510.0
3869,677952.0
3870,2395411.0
3871,1866988.0
3872,4393837.0
3873,1221575.0
3874,968905.0
3875,4407257.0
3876,860534.0
3877,1375020.0
3878,4684931.0
3879,2695653.0
3880,2355245.0
3881,8509200.0
3882,617351.0
3883,1608044.0
3884,653717.0
3885,592416.0
3886,7996577.0
3887,2598310.0
3888,18192727.0
3889,2021585.0
3890,508221.0
3891,2282160.0
3892,772918.0
3893,8072337.0
3894,1437543.0
3895,2112628.0
3896,592584.0
3897,8058457.0
3898,1558110.0
3899,947592.0
3900,2413412.0
3901,4045146.0
3902,746573.0
3903,1627273.0
3904,1989766.0
3905,871504.0
3906,632481.0
3907,12481875.0
3908,418736.0
3909,4587744.0
3910,456661.0
3911,1008438.0
3912,1380582.0
3913,1752502.0
3914,13824775.0
3915,3422535.0
3916,1668482.0
3917,1795526.0
3918,1267647.0
3919,5222980.0
3920,729469.0
3921,2813249.0
3922,2689904.0
3923,629507.0
3924,8475480.0
3925,3989315.0
3926,615645.0
3927,863368.0
3928,3663393.0
3929,11441888.0
3930,539555.0
3931,6351089.0
3932,2021585.0
3933,634658.0
3934,2218993.0
3935,3676819.0
3936,606947.0
3937,365508.0
3938,2441447.0
3939,1845553.0
3940,1347905.0
3941,12600420.0
3942,2699271.0
3943,2099945.0
3944,1158682.0
3945,745180.0
3946,402205.0
3947,10971826.0
3948,868104.0
3949,5795599.0
3950,455289.0
3951,855495.0
3952,2718344.0
3953,647857.0
3954,3275442.0
3955,389891.0
3956,448413.0
3957,3836979.0
3958,774785.0
3959,957844.0
3960,584247.0
3961,1702967.0
3962,545107.0
3963,1587560.0
3964,2878582.0
3965,581534.0
3966,8835816.0
3967,900819.0
3968,1111669.0
3969,1160173.0
3970,5301225.0
3971,1008598.0
3972,2733013.0
3973,9376324.0
3974,2668785.0
3975,1670128.0
3976,925003.0
3977,8850030.0
3978,505908.0
3979,2908580.0
3980,1455036.0
3981,12657225.0
3982,4024505.0
3983,350502.0
3984,693447.0
3985,769146.0
3986,3603237.0
3987,659602.0
3988,2467782.0
3989,4283104.0
3990,4417909.0
